sequence,requirement_id,stage,stage_title,requirement,current_status,current_blocker,current_profile,remediation_tier,test_families,workflow_file,target_evidence,target_status
1,RCPW-01-R05,1,Canonical World Authority,"Derived rendering, physics, cache, and reference-space systems cannot mutate canonical truth outside declared APIs.",PARTIAL,"A bounded hosted reference mechanism or contract exists, but the requirement exceeds the implemented local fidelity or qualification scope.",QP1/WQ2/AW1/WP1_SINGLE,T2_HIGH_FIDELITY,REFERENCE_PRECISION;PRESENTATION_REGRESSION,01_CANONICAL_WORLD_AUTHORITY/001_RCPW_01_R05_DERIVED_RENDERING_PHYSICS_CACHE_AND_REFERENCE_SPACE_SYSTEMS_CANNOT_MUTATE_CANONICAL_T.md,vm/world/evidence/remediation_315/RCPW-01-R05.json,OPERATIONAL
2,RCPW-01-R06,1,Canonical World Authority,Schema migration and rollback preserve identity and causal history across versions.,PARTIAL,Requirement was applied to the design/traceability ledger but lacks a direct executable proof specific enough for OPERATIONAL status.,QP1/WQ2/AW1/WP1_SINGLE,T1_DIRECT_PROOF,VERSION_MIGRATION;IDENTITY_PERSISTENCE;CAUSAL_REPLAY;NARRATIVE_KNOWLEDGE,01_CANONICAL_WORLD_AUTHORITY/002_RCPW_01_R06_SCHEMA_MIGRATION_AND_ROLLBACK_PRESERVE_IDENTITY_AND_CAUSAL_HISTORY_ACROSS_VERSIONS.md,vm/world/evidence/remediation_315/RCPW-01-R06.json,OPERATIONAL
3,RCPW-01-R08,1,Canonical World Authority,Canonical state exposes monotonic revision/epoch numbers for stale-read and stale-write detection.,PARTIAL,Requirement was applied to the design/traceability ledger but lacks a direct executable proof specific enough for OPERATIONAL status.,QP1/WQ2/AW1/WP1_SINGLE,T1_DIRECT_PROOF,TRANSACTION_CONCURRENCY,01_CANONICAL_WORLD_AUTHORITY/003_RCPW_01_R08_CANONICAL_STATE_EXPOSES_MONOTONIC_REVISION_EPOCH_NUMBERS_FOR_STALE_READ_AND_STALE_WRI.md,vm/world/evidence/remediation_315/RCPW-01-R08.json,OPERATIONAL
4,RCPW-01-R09,1,Canonical World Authority,World-state snapshots are quiescent or use a documented consistency algorithm that proves cross-component coherence.,PARTIAL,Requirement was applied to the design/traceability ledger but lacks a direct executable proof specific enough for OPERATIONAL status.,QP1/WQ2/AW1/WP1_SINGLE,T1_DIRECT_PROOF,DIRECT_EXECUTABLE_PROOF,01_CANONICAL_WORLD_AUTHORITY/004_RCPW_01_R09_WORLD_STATE_SNAPSHOTS_ARE_QUIESCENT_OR_USE_A_DOCUMENTED_CONSISTENCY_ALGORITHM_THAT_PR.md,vm/world/evidence/remediation_315/RCPW-01-R09.json,OPERATIONAL
5,RCPW-01-R10,1,Canonical World Authority,Canonical state recovery is tested across power-loss-equivalent interruption at every write boundary.,PARTIAL,Requirement was applied to the design/traceability ledger but lacks a direct executable proof specific enough for OPERATIONAL status.,QP1/WQ2/AW1/WP1_SINGLE,T1_DIRECT_PROOF,SAVE_RECOVERY,01_CANONICAL_WORLD_AUTHORITY/005_RCPW_01_R10_CANONICAL_STATE_RECOVERY_IS_TESTED_ACROSS_POWER_LOSS_EQUIVALENT_INTERRUPTION_AT_EVERY.md,vm/world/evidence/remediation_315/RCPW-01-R10.json,OPERATIONAL
6,RCPW-01-R11,1,Canonical World Authority,"Canonical world state includes a versioned spatial-semantic region graph linking regions, biomes, routes, waterways, settlements, interiors, landmarks, and jurisdictional domains.",PARTIAL,"A bounded hosted reference mechanism or contract exists, but the requirement exceeds the implemented local fidelity or qualification scope.",QP1/WQ2/AW1/WP1_SINGLE,T2_HIGH_FIDELITY,VERSION_MIGRATION;ECONOMY_CONSERVATION;TRAVERSAL_PORTAL,01_CANONICAL_WORLD_AUTHORITY/006_RCPW_01_R11_CANONICAL_WORLD_STATE_INCLUDES_A_VERSIONED_SPATIAL_SEMANTIC_REGION_GRAPH_LINKING_REGI.md,vm/world/evidence/remediation_315/RCPW-01-R11.json,OPERATIONAL
7,RCPW-01-R14,1,Canonical World Authority,"Partial-region availability, damaged content packs, and missing optional content fail without invalidating unrelated canonical regions.",PARTIAL,Requirement was applied to the design/traceability ledger but lacks a direct executable proof specific enough for OPERATIONAL status.,QP1/WQ2/AW1/WP1_SINGLE,T1_DIRECT_PROOF,DIRECT_EXECUTABLE_PROOF,01_CANONICAL_WORLD_AUTHORITY/007_RCPW_01_R14_PARTIAL_REGION_AVAILABILITY_DAMAGED_CONTENT_PACKS_AND_MISSING_OPTIONAL_CONTENT_FAIL_W.md,vm/world/evidence/remediation_315/RCPW-01-R14.json,OPERATIONAL
8,RCPW-01-R17,1,Canonical World Authority,"Canonical revisions distinguish world-content revision, runtime-state revision, schema revision, and simulation epoch.",PARTIAL,Requirement was applied to the design/traceability ledger but lacks a direct executable proof specific enough for OPERATIONAL status.,QP1/WQ2/AW1/WP1_SINGLE,T1_DIRECT_PROOF,VERSION_MIGRATION;TRANSACTION_CONCURRENCY,01_CANONICAL_WORLD_AUTHORITY/008_RCPW_01_R17_CANONICAL_REVISIONS_DISTINGUISH_WORLD_CONTENT_REVISION_RUNTIME_STATE_REVISION_SCHEMA_.md,vm/world/evidence/remediation_315/RCPW-01-R17.json,OPERATIONAL
9,RCPW-01-R18,1,Canonical World Authority,Canonical authority provides a content-addressed lookup path for immutable authored assets and a revisioned lookup path for mutable world state.,PARTIAL,Requirement was applied to the design/traceability ledger but lacks a direct executable proof specific enough for OPERATIONAL status.,QP1/WQ2/AW1/WP1_SINGLE,T1_DIRECT_PROOF,TRANSACTION_CONCURRENCY;MATERIALIZATION_READINESS,01_CANONICAL_WORLD_AUTHORITY/009_RCPW_01_R18_CANONICAL_AUTHORITY_PROVIDES_A_CONTENT_ADDRESSED_LOOKUP_PATH_FOR_IMMUTABLE_AUTHORED_A.md,vm/world/evidence/remediation_315/RCPW-01-R18.json,OPERATIONAL
10,RCPW-01-R24,1,Canonical World Authority,"A canonical-state verifier can validate identity uniqueness, topology closure, revision consistency, ledger correspondence, and partition ownership without rendering the world.",PARTIAL,"A bounded hosted reference mechanism or contract exists, but the requirement exceeds the implemented local fidelity or qualification scope.",QP1/WQ2/AW1/WP1_SINGLE,T3_FABRIC,TRANSACTION_CONCURRENCY;FOLD_PROPERTY;IDENTITY_PERSISTENCE;CAUSAL_REPLAY;PRESENTATION_REGRESSION;MULTI_WORKER_CONFORMANCE,01_CANONICAL_WORLD_AUTHORITY/010_RCPW_01_R24_A_CANONICAL_STATE_VERIFIER_CAN_VALIDATE_IDENTITY_UNIQUENESS_TOPOLOGY_CLOSURE_REVISION.md,vm/world/evidence/remediation_315/RCPW-01-R24.json,OPERATIONAL
11,RCPW-01-R26,1,Canonical World Authority,"Canonical world history distinguishes world age, era, content generation epoch, and simulation epoch so later synthesis cannot silently rewrite earlier truth.",PARTIAL,Requirement was applied to the design/traceability ledger but lacks a direct executable proof specific enough for OPERATIONAL status.,QP1/WQ2/AW1/WP1_SINGLE,T1_DIRECT_PROOF,CAUSAL_REPLAY;NARRATIVE_KNOWLEDGE;AUTONOMOUS_HISTORY,01_CANONICAL_WORLD_AUTHORITY/011_RCPW_01_R26_CANONICAL_WORLD_HISTORY_DISTINGUISHES_WORLD_AGE_ERA_CONTENT_GENERATION_EPOCH_AND_SIMU.md,vm/world/evidence/remediation_315/RCPW-01-R26.json,OPERATIONAL
12,RCPW-02-R01,2,Reference Frame Authority,"Canonical↔reference transforms are explicit, deterministic, bounded, and round-trip tested.",PARTIAL,Requirement was applied to the design/traceability ledger but lacks a direct executable proof specific enough for OPERATIONAL status.,QP1/WQ2/AW1/WP1_SINGLE,T1_DIRECT_PROOF,REFERENCE_PRECISION,02_REFERENCE_FRAME_AUTHORITY/012_RCPW_02_R01_CANONICAL_REFERENCE_TRANSFORMS_ARE_EXPLICIT_DETERMINISTIC_BOUNDED_AND_ROUND_TRIP_TEST.md,vm/world/evidence/remediation_315/RCPW-02-R01.json,OPERATIONAL
13,RCPW-02-R04,2,Reference Frame Authority,Precision error remains below declared limits at all supported canonical distances.,PARTIAL,Requirement was applied to the design/traceability ledger but lacks a direct executable proof specific enough for OPERATIONAL status.,QP1/WQ2/AW1/WP1_SINGLE,T1_DIRECT_PROOF,REFERENCE_PRECISION,02_REFERENCE_FRAME_AUTHORITY/013_RCPW_02_R04_PRECISION_ERROR_REMAINS_BELOW_DECLARED_LIMITS_AT_ALL_SUPPORTED_CANONICAL_DISTANCES.md,vm/world/evidence/remediation_315/RCPW-02-R04.json,OPERATIONAL
14,RCPW-02-R05,2,Reference Frame Authority,"Physics, rendering, audio, navigation, and interaction consume reference state without becoming canonical authority.",PARTIAL,"A bounded hosted reference mechanism or contract exists, but the requirement exceeds the implemented local fidelity or qualification scope.",QP1/WQ2/AW1/WP1_SINGLE,T2_HIGH_FIDELITY,REFERENCE_PRECISION;PRESENTATION_REGRESSION;AUTONOMOUS_HISTORY,02_REFERENCE_FRAME_AUTHORITY/014_RCPW_02_R05_PHYSICS_RENDERING_AUDIO_NAVIGATION_AND_INTERACTION_CONSUME_REFERENCE_STATE_WITHOUT_BE.md,vm/world/evidence/remediation_315/RCPW-02-R05.json,OPERATIONAL
15,RCPW-02-R06,2,Reference Frame Authority,Reference state can be discarded and reconstructed entirely from canonical truth plus current reference selection.,PARTIAL,Requirement was applied to the design/traceability ledger but lacks a direct executable proof specific enough for OPERATIONAL status.,QP1/WQ2/AW1/WP1_SINGLE,T1_DIRECT_PROOF,REFERENCE_PRECISION,02_REFERENCE_FRAME_AUTHORITY/015_RCPW_02_R06_REFERENCE_STATE_CAN_BE_DISCARDED_AND_RECONSTRUCTED_ENTIRELY_FROM_CANONICAL_TRUTH_PLUS.md,vm/world/evidence/remediation_315/RCPW-02-R06.json,OPERATIONAL
16,RCPW-02-R07,2,Reference Frame Authority,Reference-frame updates are atomic with respect to physics/render/navigation consumers for each simulation tick.,PARTIAL,"A bounded hosted reference mechanism or contract exists, but the requirement exceeds the implemented local fidelity or qualification scope.",QP1/WQ2/AW1/WP1_SINGLE,T2_HIGH_FIDELITY,TRANSACTION_CONCURRENCY;REFERENCE_PRECISION;PRESENTATION_REGRESSION,02_REFERENCE_FRAME_AUTHORITY/016_RCPW_02_R07_REFERENCE_FRAME_UPDATES_ARE_ATOMIC_WITH_RESPECT_TO_PHYSICS_RENDER_NAVIGATION_CONSUMER.md,vm/world/evidence/remediation_315/RCPW-02-R07.json,OPERATIONAL
17,RCPW-02-R09,2,Reference Frame Authority,Reference switches preserve momentum/orientation semantics and do not create one-frame spatial discontinuities.,PARTIAL,Requirement was applied to the design/traceability ledger but lacks a direct executable proof specific enough for OPERATIONAL status.,QP1/WQ2/AW1/WP1_SINGLE,T2_HIGH_FIDELITY,REFERENCE_PRECISION;FOLD_PROPERTY;PRESENTATION_REGRESSION,02_REFERENCE_FRAME_AUTHORITY/017_RCPW_02_R09_REFERENCE_SWITCHES_PRESERVE_MOMENTUM_ORIENTATION_SEMANTICS_AND_DO_NOT_CREATE_ONE_FRAM.md,vm/world/evidence/remediation_315/RCPW-02-R09.json,OPERATIONAL
18,RCPW-02-R10,2,Reference Frame Authority,A deterministic trace can reconstruct every origin rebase and reference handoff.,PARTIAL,Requirement was applied to the design/traceability ledger but lacks a direct executable proof specific enough for OPERATIONAL status.,QP1/WQ2/AW1/WP1_SINGLE,T1_DIRECT_PROOF,REFERENCE_PRECISION,02_REFERENCE_FRAME_AUTHORITY/018_RCPW_02_R10_A_DETERMINISTIC_TRACE_CAN_RECONSTRUCT_EVERY_ORIGIN_REBASE_AND_REFERENCE_HANDOFF.md,vm/world/evidence/remediation_315/RCPW-02-R10.json,OPERATIONAL
19,RCPW-02-R11,2,Reference Frame Authority,"Reference-frame motion preserves camera, animation, locomotion, projectile, and vehicle continuity across origin rebases.",PARTIAL,"A bounded hosted reference mechanism or contract exists, but the requirement exceeds the implemented local fidelity or qualification scope.",QP1/WQ2/AW1/WP1_SINGLE,T2_HIGH_FIDELITY,REFERENCE_PRECISION;FOLD_PROPERTY;MATERIALIZATION_READINESS;PRESENTATION_REGRESSION;TRAVERSAL_PORTAL;AUTONOMOUS_HISTORY,02_REFERENCE_FRAME_AUTHORITY/019_RCPW_02_R11_REFERENCE_FRAME_MOTION_PRESERVES_CAMERA_ANIMATION_LOCOMOTION_PROJECTILE_AND_VEHICLE_C.md,vm/world/evidence/remediation_315/RCPW-02-R11.json,OPERATIONAL
20,RCPW-02-R12,2,Reference Frame Authority,Reference transforms expose stable previous/current transforms suitable for temporal rendering and motion-vector reconstruction.,PARTIAL,"A bounded hosted reference mechanism or contract exists, but the requirement exceeds the implemented local fidelity or qualification scope.",QP1/WQ2/AW1/WP1_SINGLE,T2_HIGH_FIDELITY,REFERENCE_PRECISION;PRESENTATION_REGRESSION,02_REFERENCE_FRAME_AUTHORITY/020_RCPW_02_R12_REFERENCE_TRANSFORMS_EXPOSE_STABLE_PREVIOUS_CURRENT_TRANSFORMS_SUITABLE_FOR_TEMPORAL_.md,vm/world/evidence/remediation_315/RCPW-02-R12.json,OPERATIONAL
21,RCPW-02-R14,2,Reference Frame Authority,"Reference-frame diagnostics expose rebase frequency, maximum observed transform error, and all continuity violations.",PARTIAL,Requirement was applied to the design/traceability ledger but lacks a direct executable proof specific enough for OPERATIONAL status.,QP1/WQ2/AW1/WP1_SINGLE,T2_HIGH_FIDELITY,REFERENCE_PRECISION;FOLD_PROPERTY;PRESENTATION_REGRESSION,02_REFERENCE_FRAME_AUTHORITY/021_RCPW_02_R14_REFERENCE_FRAME_DIAGNOSTICS_EXPOSE_REBASE_FREQUENCY_MAXIMUM_OBSERVED_TRANSFORM_ERROR_.md,vm/world/evidence/remediation_315/RCPW-02-R14.json,OPERATIONAL
22,RCPW-02-R17,2,Reference Frame Authority,"Camera-relative, actor-relative, vehicle-relative, and world-relative transforms are separately typed so accidental frame mixing is rejected.",PARTIAL,Requirement was applied to the design/traceability ledger but lacks a direct executable proof specific enough for OPERATIONAL status.,QP1/WQ2/AW1/WP1_SINGLE,T2_HIGH_FIDELITY,REFERENCE_PRECISION;PRESENTATION_REGRESSION;TRAVERSAL_PORTAL;AUTONOMOUS_HISTORY,02_REFERENCE_FRAME_AUTHORITY/022_RCPW_02_R17_CAMERA_RELATIVE_ACTOR_RELATIVE_VEHICLE_RELATIVE_AND_WORLD_RELATIVE_TRANSFORMS_ARE_SEP.md,vm/world/evidence/remediation_315/RCPW-02-R17.json,OPERATIONAL
23,RCPW-02-R18,2,Reference Frame Authority,"Reference-frame handoff across portals, moving platforms, and transport vehicles preserves velocity and interaction continuity according to declared frame semantics.",PARTIAL,"A bounded hosted reference mechanism or contract exists, but the requirement exceeds the implemented local fidelity or qualification scope.",QP1/WQ2/AW1/WP1_SINGLE,T2_HIGH_FIDELITY,REFERENCE_PRECISION;FOLD_PROPERTY;ECONOMY_CONSERVATION;PRESENTATION_REGRESSION;TRAVERSAL_PORTAL;AUTONOMOUS_HISTORY,02_REFERENCE_FRAME_AUTHORITY/023_RCPW_02_R18_REFERENCE_FRAME_HANDOFF_ACROSS_PORTALS_MOVING_PLATFORMS_AND_TRANSPORT_VEHICLES_PRESER.md,vm/world/evidence/remediation_315/RCPW-02-R18.json,OPERATIONAL
24,RCPW-02-R19,2,Reference Frame Authority,Reference diagnostics provide deterministic transform traces sufficient to reproduce any visible discontinuity.,PARTIAL,Requirement was applied to the design/traceability ledger but lacks a direct executable proof specific enough for OPERATIONAL status.,QP1/WQ2/AW1/WP1_SINGLE,T1_DIRECT_PROOF,REFERENCE_PRECISION;FOLD_PROPERTY,02_REFERENCE_FRAME_AUTHORITY/024_RCPW_02_R19_REFERENCE_DIAGNOSTICS_PROVIDE_DETERMINISTIC_TRANSFORM_TRACES_SUFFICIENT_TO_REPRODUCE_.md,vm/world/evidence/remediation_315/RCPW-02-R19.json,OPERATIONAL
25,RCPW-02-R20,2,Reference Frame Authority,Reference frames remain deterministic when their source entities are simulated on different execution partitions or worker lanes.,PARTIAL,"A bounded hosted reference mechanism or contract exists, but the requirement exceeds the implemented local fidelity or qualification scope.",QP1/WQ2/AW1/WP1_SINGLE,T3_FABRIC,REFERENCE_PRECISION;PRESENTATION_REGRESSION;MULTI_WORKER_CONFORMANCE,02_REFERENCE_FRAME_AUTHORITY/025_RCPW_02_R20_REFERENCE_FRAMES_REMAIN_DETERMINISTIC_WHEN_THEIR_SOURCE_ENTITIES_ARE_SIMULATED_ON_DIF.md,vm/world/evidence/remediation_315/RCPW-02-R20.json,OPERATIONAL
26,RCPW-02-R21,2,Reference Frame Authority,Nested moving frames carry explicit tick/epoch stamps so stale frame transforms are rejected rather than interpolated as current truth.,PARTIAL,Requirement was applied to the design/traceability ledger but lacks a direct executable proof specific enough for OPERATIONAL status.,QP1/WQ2/AW1/WP1_SINGLE,T2_HIGH_FIDELITY,TRANSACTION_CONCURRENCY;REFERENCE_PRECISION;PRESENTATION_REGRESSION;TRAVERSAL_PORTAL,02_REFERENCE_FRAME_AUTHORITY/026_RCPW_02_R21_NESTED_MOVING_FRAMES_CARRY_EXPLICIT_TICK_EPOCH_STAMPS_SO_STALE_FRAME_TRANSFORMS_ARE_R.md,vm/world/evidence/remediation_315/RCPW-02-R21.json,OPERATIONAL
27,RCPW-02-R22,2,Reference Frame Authority,Reference-frame consumers can recover after worker/partition restart from canonical state plus deterministic scheduler history.,PARTIAL,"A bounded hosted reference mechanism or contract exists, but the requirement exceeds the implemented local fidelity or qualification scope.",QP1/WQ2/AW1/WP1_SINGLE,T3_FABRIC,REFERENCE_PRECISION;CAUSAL_REPLAY;NARRATIVE_KNOWLEDGE;PRESENTATION_REGRESSION;MULTI_WORKER_CONFORMANCE,02_REFERENCE_FRAME_AUTHORITY/027_RCPW_02_R22_REFERENCE_FRAME_CONSUMERS_CAN_RECOVER_AFTER_WORKER_PARTITION_RESTART_FROM_CANONICAL_S.md,vm/world/evidence/remediation_315/RCPW-02-R22.json,OPERATIONAL
28,RCPW-02-R23,2,Reference Frame Authority,"Rebasing is coordinated with temporal render history, physics broadphase state, navigation caches, audio spatialization, and interaction targeting through explicit invalidation contracts.",PARTIAL,"A bounded hosted reference mechanism or contract exists, but the requirement exceeds the implemented local fidelity or qualification scope.",QP1/WQ2/AW1/WP1_SINGLE,T2_HIGH_FIDELITY,REFERENCE_PRECISION;FOLD_PROPERTY;CAUSAL_REPLAY;NARRATIVE_KNOWLEDGE;PRESENTATION_REGRESSION;AUTONOMOUS_HISTORY,02_REFERENCE_FRAME_AUTHORITY/028_RCPW_02_R23_REBASING_IS_COORDINATED_WITH_TEMPORAL_RENDER_HISTORY_PHYSICS_BROADPHASE_STATE_NAVIGAT.md,vm/world/evidence/remediation_315/RCPW-02-R23.json,OPERATIONAL
29,RCPW-02-R24,2,Reference Frame Authority,"Reference qualification includes adversarial handoff during partition migration, checkpointing, high-speed travel, and nested moving-frame transitions.",PARTIAL,Requirement was applied to the design/traceability ledger but lacks a direct executable proof specific enough for OPERATIONAL status.,QP1/WQ2/AW1/WP1_SINGLE,T3_FABRIC,VERSION_MIGRATION;REFERENCE_PRECISION;PRESENTATION_REGRESSION;SAVE_RECOVERY;MULTI_WORKER_CONFORMANCE;TRAVERSAL_PORTAL,02_REFERENCE_FRAME_AUTHORITY/029_RCPW_02_R24_REFERENCE_QUALIFICATION_INCLUDES_ADVERSARIAL_HANDOFF_DURING_PARTITION_MIGRATION_CHECK.md,vm/world/evidence/remediation_315/RCPW-02-R24.json,OPERATIONAL
30,RCPW-02-R26,2,Reference Frame Authority,Reference transforms support astronomical/planetary-scale coordinate magnitudes through declared precision-tier or hierarchical-coordinate policy without changing local interaction precision.,PARTIAL,Requirement was applied to the design/traceability ledger but lacks a direct executable proof specific enough for OPERATIONAL status.,QP1/WQ2/AW1/WP1_SINGLE,T2_HIGH_FIDELITY,REFERENCE_PRECISION;AUTONOMOUS_HISTORY;SCALE_SOAK,02_REFERENCE_FRAME_AUTHORITY/030_RCPW_02_R26_REFERENCE_TRANSFORMS_SUPPORT_ASTRONOMICAL_PLANETARY_SCALE_COORDINATE_MAGNITUDES_THROU.md,vm/world/evidence/remediation_315/RCPW-02-R26.json,OPERATIONAL
31,RCPW-02-R27,2,Reference Frame Authority,Reference-local observations expose only information physically or narratively available to the observer rather than globally omniscient canonical state.,PARTIAL,Requirement was applied to the design/traceability ledger but lacks a direct executable proof specific enough for OPERATIONAL status.,QP1/WQ2/AW1/WP1_SINGLE,T1_DIRECT_PROOF,REFERENCE_PRECISION;NARRATIVE_KNOWLEDGE,02_REFERENCE_FRAME_AUTHORITY/031_RCPW_02_R27_REFERENCE_LOCAL_OBSERVATIONS_EXPOSE_ONLY_INFORMATION_PHYSICALLY_OR_NARRATIVELY_AVAILA.md,vm/world/evidence/remediation_315/RCPW-02-R27.json,OPERATIONAL
32,RCPW-02-R28,2,Reference Frame Authority,"Reference transitions between surface, interior, underground, elevated, or other world layers use explicit topology and gravity/frame semantics.",PARTIAL,"A bounded hosted reference mechanism or contract exists, but the requirement exceeds the implemented local fidelity or qualification scope.",QP1/WQ2/AW1/WP1_SINGLE,T2_HIGH_FIDELITY,REFERENCE_PRECISION;FOLD_PROPERTY;NARRATIVE_KNOWLEDGE;PRESENTATION_REGRESSION,02_REFERENCE_FRAME_AUTHORITY/032_RCPW_02_R28_REFERENCE_TRANSITIONS_BETWEEN_SURFACE_INTERIOR_UNDERGROUND_ELEVATED_OR_OTHER_WORLD_LA.md,vm/world/evidence/remediation_315/RCPW-02-R28.json,OPERATIONAL
33,RCPW-03-R05,3,Fold Geometry Authority,"Roads, rivers, terrain, rail, navigation links, settlements, and long structures have declared fold semantics.",PARTIAL,"A bounded hosted reference mechanism or contract exists, but the requirement exceeds the implemented local fidelity or qualification scope.",QP1/WQ2/AW1/WP1_SINGLE,T2_HIGH_FIDELITY,FOLD_PROPERTY;ECONOMY_CONSERVATION,03_FOLD_GEOMETRY_AUTHORITY/033_RCPW_03_R05_ROADS_RIVERS_TERRAIN_RAIL_NAVIGATION_LINKS_SETTLEMENTS_AND_LONG_STRUCTURES_HAVE_DECLA.md,vm/world/evidence/remediation_315/RCPW-03-R05.json,OPERATIONAL
34,RCPW-03-R06,3,Fold Geometry Authority,"Singularities, self-intersections, discontinuities, and invalid inverse regions are detected and fail safely.",PARTIAL,Requirement was applied to the design/traceability ledger but lacks a direct executable proof specific enough for OPERATIONAL status.,QP1/WQ2/AW1/WP1_SINGLE,T1_DIRECT_PROOF,FOLD_PROPERTY,03_FOLD_GEOMETRY_AUTHORITY/034_RCPW_03_R06_SINGULARITIES_SELF_INTERSECTIONS_DISCONTINUITIES_AND_INVALID_INVERSE_REGIONS_ARE_DETE.md,vm/world/evidence/remediation_315/RCPW-03-R06.json,OPERATIONAL
35,RCPW-03-R07,3,Fold Geometry Authority,The fold transform is at least C1 continuous everywhere visible and C2 where camera/physics interpolation requires it.,PARTIAL,"A bounded hosted reference mechanism or contract exists, but the requirement exceeds the implemented local fidelity or qualification scope.",QP1/WQ2/AW1/WP1_SINGLE,T2_HIGH_FIDELITY,REFERENCE_PRECISION;FOLD_PROPERTY;AUTONOMOUS_HISTORY,03_FOLD_GEOMETRY_AUTHORITY/035_RCPW_03_R07_THE_FOLD_TRANSFORM_IS_AT_LEAST_C1_CONTINUOUS_EVERYWHERE_VISIBLE_AND_C2_WHERE_CAMERA_P.md,vm/world/evidence/remediation_315/RCPW-03-R07.json,OPERATIONAL
36,RCPW-03-R09,3,Fold Geometry Authority,"Collision, picking, navigation, audio propagation, and landmark targeting use explicit canonical/reference conversion rules.",PARTIAL,"A bounded hosted reference mechanism or contract exists, but the requirement exceeds the implemented local fidelity or qualification scope.",QP1/WQ2/AW1/WP1_SINGLE,T2_HIGH_FIDELITY,VERSION_MIGRATION;REFERENCE_PRECISION;FOLD_PROPERTY;PRESENTATION_REGRESSION,03_FOLD_GEOMETRY_AUTHORITY/036_RCPW_03_R09_COLLISION_PICKING_NAVIGATION_AUDIO_PROPAGATION_AND_LANDMARK_TARGETING_USE_EXPLICIT_CA.md,vm/world/evidence/remediation_315/RCPW-03-R09.json,OPERATIONAL
37,RCPW-03-R13,3,Fold Geometry Authority,"Picking, ray tests, interaction traces, projectile traces, and navigation targets always resolve to canonical objects through an unambiguous inverse mapping.",PARTIAL,"A bounded hosted reference mechanism or contract exists, but the requirement exceeds the implemented local fidelity or qualification scope.",QP1/WQ2/AW1/WP1_SINGLE,T2_HIGH_FIDELITY,FOLD_PROPERTY;AUTONOMOUS_HISTORY,03_FOLD_GEOMETRY_AUTHORITY/037_RCPW_03_R13_PICKING_RAY_TESTS_INTERACTION_TRACES_PROJECTILE_TRACES_AND_NAVIGATION_TARGETS_ALWAYS_.md,vm/world/evidence/remediation_315/RCPW-03-R13.json,OPERATIONAL
38,RCPW-03-R24,3,Fold Geometry Authority,"Fold qualification includes partition-boundary traversal, policy hot-swap rollback, acceleration-structure rebuild, and worker-loss recovery.",PARTIAL,"A bounded hosted reference mechanism or contract exists, but the requirement exceeds the implemented local fidelity or qualification scope.",QP1/WQ2/AW1/WP1_SINGLE,T3_FABRIC,VERSION_MIGRATION;FOLD_PROPERTY;SAVE_RECOVERY;MULTI_WORKER_CONFORMANCE;TRAVERSAL_PORTAL;AUTONOMOUS_HISTORY,03_FOLD_GEOMETRY_AUTHORITY/038_RCPW_03_R24_FOLD_QUALIFICATION_INCLUDES_PARTITION_BOUNDARY_TRAVERSAL_POLICY_HOT_SWAP_ROLLBACK_ACC.md,vm/world/evidence/remediation_315/RCPW-03-R24.json,OPERATIONAL
39,RCPW-03-R27,3,Fold Geometry Authority,"World expansion beyond the current horizon is admitted only through canonical world-generation transactions, never by render-time improvisation.",PARTIAL,"A bounded hosted reference mechanism or contract exists, but the requirement exceeds the implemented local fidelity or qualification scope.",QP1/WQ2/AW1/WP1_SINGLE,T2_HIGH_FIDELITY,TRANSACTION_CONCURRENCY;FOLD_PROPERTY;PRESENTATION_REGRESSION;AUTONOMOUS_HISTORY,03_FOLD_GEOMETRY_AUTHORITY/039_RCPW_03_R27_WORLD_EXPANSION_BEYOND_THE_CURRENT_HORIZON_IS_ADMITTED_ONLY_THROUGH_CANONICAL_WORLD_G.md,vm/world/evidence/remediation_315/RCPW-03-R27.json,OPERATIONAL
40,RCPW-04-R01,4,Simulation LOD Authority,Every persistent entity class has a declared simulation representation ladder.,PARTIAL,Requirement was applied to the design/traceability ledger but lacks a direct executable proof specific enough for OPERATIONAL status.,QP1/WQ2/AW1/WP1_SINGLE,T1_DIRECT_PROOF,LOD_TRANSITION;IDENTITY_PERSISTENCE,04_SIMULATION_LOD_AUTHORITY/040_RCPW_04_R01_EVERY_PERSISTENT_ENTITY_CLASS_HAS_A_DECLARED_SIMULATION_REPRESENTATION_LADDER.md,vm/world/evidence/remediation_315/RCPW-04-R01.json,OPERATIONAL
41,RCPW-04-R02,4,Simulation LOD Authority,"Promotion/demotion preserves identity, causal obligations, and gameplay-significant state.",PARTIAL,Requirement was applied to the design/traceability ledger but lacks a direct executable proof specific enough for OPERATIONAL status.,QP1/WQ2/AW1/WP1_SINGLE,T1_DIRECT_PROOF,LOD_TRANSITION;IDENTITY_PERSISTENCE;CAUSAL_REPLAY,04_SIMULATION_LOD_AUTHORITY/041_RCPW_04_R02_PROMOTION_DEMOTION_PRESERVES_IDENTITY_CAUSAL_OBLIGATIONS_AND_GAMEPLAY_SIGNIFICANT_STA.md,vm/world/evidence/remediation_315/RCPW-04-R02.json,OPERATIONAL
42,RCPW-04-R03,4,Simulation LOD Authority,Hysteresis prevents transition thrashing.,PARTIAL,Requirement was applied to the design/traceability ledger but lacks a direct executable proof specific enough for OPERATIONAL status.,QP1/WQ2/AW1/WP1_SINGLE,T1_DIRECT_PROOF,LOD_TRANSITION;CAUSAL_REPLAY,04_SIMULATION_LOD_AUTHORITY/042_RCPW_04_R03_HYSTERESIS_PREVENTS_TRANSITION_THRASHING.md,vm/world/evidence/remediation_315/RCPW-04-R03.json,OPERATIONAL
43,RCPW-04-R05,4,Simulation LOD Authority,Resource exhaustion degrades fidelity without silently erasing authoritative state.,PARTIAL,Requirement was applied to the design/traceability ledger but lacks a direct executable proof specific enough for OPERATIONAL status.,QP1/WQ2/AW1/WP1_SINGLE,T1_DIRECT_PROOF,LOD_TRANSITION;ECOLOGY_CONSERVATION;RESOURCE_STRESS;AUTONOMOUS_HISTORY,04_SIMULATION_LOD_AUTHORITY/043_RCPW_04_R05_RESOURCE_EXHAUSTION_DEGRADES_FIDELITY_WITHOUT_SILENTLY_ERASING_AUTHORITATIVE_STATE.md,vm/world/evidence/remediation_315/RCPW-04-R05.json,OPERATIONAL
44,RCPW-04-R08,4,Simulation LOD Authority,Update cadence changes preserve time integration and do not create energy/state jumps when promoted.,PARTIAL,Requirement was applied to the design/traceability ledger but lacks a direct executable proof specific enough for OPERATIONAL status.,QP1/WQ2/AW1/WP1_SINGLE,T1_DIRECT_PROOF,DIRECT_EXECUTABLE_PROOF,04_SIMULATION_LOD_AUTHORITY/044_RCPW_04_R08_UPDATE_CADENCE_CHANGES_PRESERVE_TIME_INTEGRATION_AND_DO_NOT_CREATE_ENERGY_STATE_JUMPS.md,vm/world/evidence/remediation_315/RCPW-04-R08.json,OPERATIONAL
45,RCPW-04-R10,4,Simulation LOD Authority,Mass promotion storms are rate-limited without erasing unresolved authoritative obligations.,PARTIAL,Requirement was applied to the design/traceability ledger but lacks a direct executable proof specific enough for OPERATIONAL status.,QP1/WQ2/AW1/WP1_SINGLE,T1_DIRECT_PROOF,LOD_TRANSITION;AUTONOMOUS_HISTORY,04_SIMULATION_LOD_AUTHORITY/045_RCPW_04_R10_MASS_PROMOTION_STORMS_ARE_RATE_LIMITED_WITHOUT_ERASING_UNRESOLVED_AUTHORITATIVE_OBLIG.md,vm/world/evidence/remediation_315/RCPW-04-R10.json,OPERATIONAL
46,RCPW-04-R12,4,Simulation LOD Authority,"Remote AI schedule, intent, movement, and social-state integration account for elapsed canonical time when update cadence changes.",PARTIAL,Requirement was applied to the design/traceability ledger but lacks a direct executable proof specific enough for OPERATIONAL status.,QP1/WQ2/AW1/WP1_SINGLE,T1_DIRECT_PROOF,DIRECT_EXECUTABLE_PROOF,04_SIMULATION_LOD_AUTHORITY/046_RCPW_04_R12_REMOTE_AI_SCHEDULE_INTENT_MOVEMENT_AND_SOCIAL_STATE_INTEGRATION_ACCOUNT_FOR_ELAPSED_C.md,vm/world/evidence/remediation_315/RCPW-04-R12.json,OPERATIONAL
47,RCPW-04-R13,4,Simulation LOD Authority,Promotion debt is tracked so repeatedly deferred high-value entities receive bounded service without creating an uncontrolled promotion storm.,PARTIAL,Requirement was applied to the design/traceability ledger but lacks a direct executable proof specific enough for OPERATIONAL status.,QP1/WQ2/AW1/WP1_SINGLE,T1_DIRECT_PROOF,LOD_TRANSITION,04_SIMULATION_LOD_AUTHORITY/047_RCPW_04_R13_PROMOTION_DEBT_IS_TRACKED_SO_REPEATEDLY_DEFERRED_HIGH_VALUE_ENTITIES_RECEIVE_BOUNDED_.md,vm/world/evidence/remediation_315/RCPW-04-R13.json,OPERATIONAL
48,RCPW-04-R14,4,Simulation LOD Authority,LOD approximation error is measured per subsystem and incorporated into qualification rather than treated as visually acceptable by default.,PARTIAL,"A bounded hosted reference mechanism or contract exists, but the requirement exceeds the implemented local fidelity or qualification scope.",QP1/WQ2/AW1/WP1_SINGLE,T2_HIGH_FIDELITY,LOD_TRANSITION;PRESENTATION_REGRESSION,04_SIMULATION_LOD_AUTHORITY/048_RCPW_04_R14_LOD_APPROXIMATION_ERROR_IS_MEASURED_PER_SUBSYSTEM_AND_INCORPORATED_INTO_QUALIFICATION.md,vm/world/evidence/remediation_315/RCPW-04-R14.json,OPERATIONAL
49,RCPW-04-R15,4,Simulation LOD Authority,"Simulation LOD authority defines subsystem-specific fidelity contracts for AI, ecology, economy, weather, navigation, combat, transport, and narrative events.",PARTIAL,"A bounded hosted reference mechanism or contract exists, but the requirement exceeds the implemented local fidelity or qualification scope.",QP1/WQ2/AW1/WP1_SINGLE,T2_HIGH_FIDELITY,LOD_TRANSITION;CAUSAL_REPLAY;ECOLOGY_CONSERVATION;ECONOMY_CONSERVATION;NARRATIVE_KNOWLEDGE,04_SIMULATION_LOD_AUTHORITY/049_RCPW_04_R15_SIMULATION_LOD_AUTHORITY_DEFINES_SUBSYSTEM_SPECIFIC_FIDELITY_CONTRACTS_FOR_AI_ECOLOGY.md,vm/world/evidence/remediation_315/RCPW-04-R15.json,OPERATIONAL
50,RCPW-04-R18,4,Simulation LOD Authority,"Approximation debt is accumulated and repaid when an entity or region returns to higher fidelity, with bounded reconciliation work.",PARTIAL,Requirement was applied to the design/traceability ledger but lacks a direct executable proof specific enough for OPERATIONAL status.,QP1/WQ2/AW1/WP1_SINGLE,T1_DIRECT_PROOF,LOD_TRANSITION;IDENTITY_PERSISTENCE,04_SIMULATION_LOD_AUTHORITY/050_RCPW_04_R18_APPROXIMATION_DEBT_IS_ACCUMULATED_AND_REPAID_WHEN_AN_ENTITY_OR_REGION_RETURNS_TO_HIGH.md,vm/world/evidence/remediation_315/RCPW-04-R18.json,OPERATIONAL
51,RCPW-04-R23,4,Simulation LOD Authority,"Approximation debt and promotion debt survive worker restart, checkpoint/recovery, and partition migration.",PARTIAL,"A bounded hosted reference mechanism or contract exists, but the requirement exceeds the implemented local fidelity or qualification scope.",QP1/WQ2/AW1/WP1_SINGLE,T3_FABRIC,VERSION_MIGRATION;LOD_TRANSITION;SAVE_RECOVERY;MULTI_WORKER_CONFORMANCE,04_SIMULATION_LOD_AUTHORITY/051_RCPW_04_R23_APPROXIMATION_DEBT_AND_PROMOTION_DEBT_SURVIVE_WORKER_RESTART_CHECKPOINT_RECOVERY_AND_.md,vm/world/evidence/remediation_315/RCPW-04-R23.json,OPERATIONAL
52,RCPW-04-R25,4,Simulation LOD Authority,"Simulation LOD includes ultra-long-horizon demographic, institutional, ecological, economic, and infrastructure representations for generational world evolution.",PARTIAL,"A bounded hosted reference mechanism or contract exists, but the requirement exceeds the implemented local fidelity or qualification scope.",QP1/WQ2/AW1/WP1_SINGLE,T2_HIGH_FIDELITY,FOLD_PROPERTY;LOD_TRANSITION;ECOLOGY_CONSERVATION;ECONOMY_CONSERVATION;NARRATIVE_KNOWLEDGE;AUTONOMOUS_HISTORY,04_SIMULATION_LOD_AUTHORITY/052_RCPW_04_R25_SIMULATION_LOD_INCLUDES_ULTRA_LONG_HORIZON_DEMOGRAPHIC_INSTITUTIONAL_ECOLOGICAL_ECONO.md,vm/world/evidence/remediation_315/RCPW-04-R25.json,OPERATIONAL
53,RCPW-04-R26,4,Simulation LOD Authority,Long-horizon abstraction cannot resolve events whose outcome depends on unknown player-local information or unresolved high-fidelity barriers.,PARTIAL,"A bounded hosted reference mechanism or contract exists, but the requirement exceeds the implemented local fidelity or qualification scope.",QP1/WQ2/AW1/WP1_SINGLE,T2_HIGH_FIDELITY,FOLD_PROPERTY;LOD_TRANSITION;CAUSAL_REPLAY,04_SIMULATION_LOD_AUTHORITY/053_RCPW_04_R26_LONG_HORIZON_ABSTRACTION_CANNOT_RESOLVE_EVENTS_WHOSE_OUTCOME_DEPENDS_ON_UNKNOWN_PLAYE.md,vm/world/evidence/remediation_315/RCPW-04-R26.json,OPERATIONAL
54,RCPW-04-R27,4,Simulation LOD Authority,LOD models expose temporal validity windows so coarse long-horizon predictions are invalidated/recomputed when canonical shocks exceed assumptions.,PARTIAL,"A bounded hosted reference mechanism or contract exists, but the requirement exceeds the implemented local fidelity or qualification scope.",QP1/WQ2/AW1/WP1_SINGLE,T2_HIGH_FIDELITY,FOLD_PROPERTY;LOD_TRANSITION,04_SIMULATION_LOD_AUTHORITY/054_RCPW_04_R27_LOD_MODELS_EXPOSE_TEMPORAL_VALIDITY_WINDOWS_SO_COARSE_LONG_HORIZON_PREDICTIONS_ARE_IN.md,vm/world/evidence/remediation_315/RCPW-04-R27.json,OPERATIONAL
55,RCPW-04-R28,4,Simulation LOD Authority,Approximation debt includes historical uncertainty and is reduced through re-simulation or evidence-backed reconstruction when a region becomes relevant again.,PARTIAL,Requirement was applied to the design/traceability ledger but lacks a direct executable proof specific enough for OPERATIONAL status.,QP1/WQ2/AW1/WP1_SINGLE,T1_DIRECT_PROOF,DIRECT_EXECUTABLE_PROOF,04_SIMULATION_LOD_AUTHORITY/055_RCPW_04_R28_APPROXIMATION_DEBT_INCLUDES_HISTORICAL_UNCERTAINTY_AND_IS_REDUCED_THROUGH_RE_SIMULATI.md,vm/world/evidence/remediation_315/RCPW-04-R28.json,OPERATIONAL
56,RCPW-04-R29,4,Simulation LOD Authority,Qualification compares short-step and long-horizon simulations over selected reference regions to quantify drift and acceptable semantic error.,PARTIAL,"A bounded hosted reference mechanism or contract exists, but the requirement exceeds the implemented local fidelity or qualification scope.",QP1/WQ2/AW1/WP1_SINGLE,T2_HIGH_FIDELITY,REFERENCE_PRECISION;FOLD_PROPERTY,04_SIMULATION_LOD_AUTHORITY/056_RCPW_04_R29_QUALIFICATION_COMPARES_SHORT_STEP_AND_LONG_HORIZON_SIMULATIONS_OVER_SELECTED_REFERENC.md,vm/world/evidence/remediation_315/RCPW-04-R29.json,OPERATIONAL
57,RCPW-05-R01,5,Entity Persistence Authority,Gameplay-significant entities are not deleted because of distance or invisibility.,PARTIAL,Requirement was applied to the design/traceability ledger but lacks a direct executable proof specific enough for OPERATIONAL status.,QP1/WQ2/AW1/WP1_SINGLE,T1_DIRECT_PROOF,PRESENTATION_REGRESSION,05_ENTITY_PERSISTENCE_AUTHORITY/057_RCPW_05_R01_GAMEPLAY_SIGNIFICANT_ENTITIES_ARE_NOT_DELETED_BECAUSE_OF_DISTANCE_OR_INVISIBILITY.md,vm/world/evidence/remediation_315/RCPW-05-R01.json,OPERATIONAL
58,RCPW-05-R02,5,Entity Persistence Authority,"Identity, ownership, health, inventory, relationships, goals, schedule, and causal obligations survive abstraction.",PARTIAL,Requirement was applied to the design/traceability ledger but lacks a direct executable proof specific enough for OPERATIONAL status.,QP1/WQ2/AW1/WP1_SINGLE,T1_DIRECT_PROOF,TRANSACTION_CONCURRENCY;IDENTITY_PERSISTENCE;CAUSAL_REPLAY;ECONOMY_CONSERVATION,05_ENTITY_PERSISTENCE_AUTHORITY/058_RCPW_05_R02_IDENTITY_OWNERSHIP_HEALTH_INVENTORY_RELATIONSHIPS_GOALS_SCHEDULE_AND_CAUSAL_OBLIGATIO.md,vm/world/evidence/remediation_315/RCPW-05-R02.json,OPERATIONAL
59,RCPW-05-R03,5,Entity Persistence Authority,"Creation, destruction, death, consumption, transfer, and retirement are explicit world events rather than streaming side effects.",PARTIAL,Requirement was applied to the design/traceability ledger but lacks a direct executable proof specific enough for OPERATIONAL status.,QP1/WQ2/AW1/WP1_SINGLE,T1_DIRECT_PROOF,CAUSAL_REPLAY,05_ENTITY_PERSISTENCE_AUTHORITY/059_RCPW_05_R03_CREATION_DESTRUCTION_DEATH_CONSUMPTION_TRANSFER_AND_RETIREMENT_ARE_EXPLICIT_WORLD_EVE.md,vm/world/evidence/remediation_315/RCPW-05-R03.json,OPERATIONAL
60,RCPW-05-R04,5,Entity Persistence Authority,Parent/child and container/member relationships remain referentially valid through every representation transition.,PARTIAL,Requirement was applied to the design/traceability ledger but lacks a direct executable proof specific enough for OPERATIONAL status.,QP1/WQ2/AW1/WP1_SINGLE,T1_DIRECT_PROOF,LOD_TRANSITION;IDENTITY_PERSISTENCE,05_ENTITY_PERSISTENCE_AUTHORITY/060_RCPW_05_R04_PARENT_CHILD_AND_CONTAINER_MEMBER_RELATIONSHIPS_REMAIN_REFERENTIALLY_VALID_THROUGH_EV.md,vm/world/evidence/remediation_315/RCPW-05-R04.json,OPERATIONAL
61,RCPW-05-R10,5,Entity Persistence Authority,Entity histories remain queryable after retirement/destruction according to retention policy.,PARTIAL,Requirement was applied to the design/traceability ledger but lacks a direct executable proof specific enough for OPERATIONAL status.,QP1/WQ2/AW1/WP1_SINGLE,T1_DIRECT_PROOF,IDENTITY_PERSISTENCE;CAUSAL_REPLAY,05_ENTITY_PERSISTENCE_AUTHORITY/061_RCPW_05_R10_ENTITY_HISTORIES_REMAIN_QUERYABLE_AFTER_RETIREMENT_DESTRUCTION_ACCORDING_TO_RETENTION.md,vm/world/evidence/remediation_315/RCPW-05-R10.json,OPERATIONAL
62,RCPW-05-R14,5,Entity Persistence Authority,"Selective persistence policies are explicit for debris, tracks, corpses, temporary props, transient crowds, and other high-volume world evidence.",PARTIAL,Requirement was applied to the design/traceability ledger but lacks a direct executable proof specific enough for OPERATIONAL status.,QP1/WQ2/AW1/WP1_SINGLE,T1_DIRECT_PROOF,DIRECT_EXECUTABLE_PROOF,05_ENTITY_PERSISTENCE_AUTHORITY/062_RCPW_05_R14_SELECTIVE_PERSISTENCE_POLICIES_ARE_EXPLICIT_FOR_DEBRIS_TRACKS_CORPSES_TEMPORARY_PROPS.md,vm/world/evidence/remediation_315/RCPW-05-R14.json,OPERATIONAL
63,RCPW-05-R16,5,Entity Persistence Authority,"Persistent entities expose capability/ownership tokens or equivalent guards for mutation by AI, combat, inventory, transport, and mission systems.",PARTIAL,"A bounded hosted reference mechanism or contract exists, but the requirement exceeds the implemented local fidelity or qualification scope.",QP1/WQ2/AW1/WP1_SINGLE,T2_HIGH_FIDELITY,TRANSACTION_CONCURRENCY;IDENTITY_PERSISTENCE;ECONOMY_CONSERVATION;NARRATIVE_KNOWLEDGE,05_ENTITY_PERSISTENCE_AUTHORITY/063_RCPW_05_R16_PERSISTENT_ENTITIES_EXPOSE_CAPABILITY_OWNERSHIP_TOKENS_OR_EQUIVALENT_GUARDS_FOR_MUTAT.md,vm/world/evidence/remediation_315/RCPW-05-R16.json,OPERATIONAL
64,RCPW-05-R21,5,Entity Persistence Authority,Entity references crossing partitions use stable canonical IDs and never rely on process-local pointers as authority.,PARTIAL,Requirement was applied to the design/traceability ledger but lacks a direct executable proof specific enough for OPERATIONAL status.,QP1/WQ2/AW1/WP1_SINGLE,T3_FABRIC,REFERENCE_PRECISION;IDENTITY_PERSISTENCE;MULTI_WORKER_CONFORMANCE,05_ENTITY_PERSISTENCE_AUTHORITY/064_RCPW_05_R21_ENTITY_REFERENCES_CROSSING_PARTITIONS_USE_STABLE_CANONICAL_IDS_AND_NEVER_RELY_ON_PROC.md,vm/world/evidence/remediation_315/RCPW-05-R21.json,OPERATIONAL
65,RCPW-05-R22,5,Entity Persistence Authority,Worker failure cannot orphan canonical ownership; recovery deterministically re-establishes authoritative ownership from committed state.,PARTIAL,"A bounded hosted reference mechanism or contract exists, but the requirement exceeds the implemented local fidelity or qualification scope.",QP1/WQ2/AW1/WP1_SINGLE,T3_FABRIC,TRANSACTION_CONCURRENCY;SAVE_RECOVERY;MULTI_WORKER_CONFORMANCE,05_ENTITY_PERSISTENCE_AUTHORITY/065_RCPW_05_R22_WORKER_FAILURE_CANNOT_ORPHAN_CANONICAL_OWNERSHIP_RECOVERY_DETERMINISTICALLY_RE_ESTABL.md,vm/world/evidence/remediation_315/RCPW-05-R22.json,OPERATIONAL
66,RCPW-05-R23,5,Entity Persistence Authority,High-volume transient evidence uses bounded retention/compaction without reusing canonical identities in a way that breaks historical references.,PARTIAL,Requirement was applied to the design/traceability ledger but lacks a direct executable proof specific enough for OPERATIONAL status.,QP1/WQ2/AW1/WP1_SINGLE,T1_DIRECT_PROOF,REFERENCE_PRECISION;IDENTITY_PERSISTENCE;CAUSAL_REPLAY,05_ENTITY_PERSISTENCE_AUTHORITY/066_RCPW_05_R23_HIGH_VOLUME_TRANSIENT_EVIDENCE_USES_BOUNDED_RETENTION_COMPACTION_WITHOUT_REUSING_CANO.md,vm/world/evidence/remediation_315/RCPW-05-R23.json,OPERATIONAL
67,RCPW-05-R24,5,Entity Persistence Authority,"Persistence qualification includes forced worker loss during migration, ownership transfer, materialization, save, and ledger commit.",PARTIAL,"A bounded hosted reference mechanism or contract exists, but the requirement exceeds the implemented local fidelity or qualification scope.",QP1/WQ2/AW1/WP1_SINGLE,T3_FABRIC,VERSION_MIGRATION;TRANSACTION_CONCURRENCY;CAUSAL_REPLAY;MATERIALIZATION_READINESS;SAVE_RECOVERY;MULTI_WORKER_CONFORMANCE,05_ENTITY_PERSISTENCE_AUTHORITY/067_RCPW_05_R24_PERSISTENCE_QUALIFICATION_INCLUDES_FORCED_WORKER_LOSS_DURING_MIGRATION_OWNERSHIP_TRAN.md,vm/world/evidence/remediation_315/RCPW-05-R24.json,OPERATIONAL
68,RCPW-05-R27,5,Entity Persistence Authority,Persistent identity never gets recycled after archival/death in a way that could collide with historical references.,PARTIAL,Requirement was applied to the design/traceability ledger but lacks a direct executable proof specific enough for OPERATIONAL status.,QP1/WQ2/AW1/WP1_SINGLE,T1_DIRECT_PROOF,REFERENCE_PRECISION;IDENTITY_PERSISTENCE,05_ENTITY_PERSISTENCE_AUTHORITY/068_RCPW_05_R27_PERSISTENT_IDENTITY_NEVER_GETS_RECYCLED_AFTER_ARCHIVAL_DEATH_IN_A_WAY_THAT_COULD_COLL.md,vm/world/evidence/remediation_315/RCPW-05-R27.json,OPERATIONAL
69,RCPW-06-R01,6,Causal Ledger Authority,Durable world mutations emit causally linked events with deterministic IDs.,PARTIAL,Requirement was applied to the design/traceability ledger but lacks a direct executable proof specific enough for OPERATIONAL status.,QP1/WQ2/AW1/WP1_SINGLE,T1_DIRECT_PROOF,CAUSAL_REPLAY,06_CAUSAL_LEDGER_AUTHORITY/069_RCPW_06_R01_DURABLE_WORLD_MUTATIONS_EMIT_CAUSALLY_LINKED_EVENTS_WITH_DETERMINISTIC_IDS.md,vm/world/evidence/remediation_315/RCPW-06-R01.json,OPERATIONAL
70,RCPW-06-R02,6,Causal Ledger Authority,"Events record time, actor/entity, canonical location, cause, pre-state/post-state references, authority level, seed, and dependencies.",PARTIAL,Requirement was applied to the design/traceability ledger but lacks a direct executable proof specific enough for OPERATIONAL status.,QP1/WQ2/AW1/WP1_SINGLE,T1_DIRECT_PROOF,REFERENCE_PRECISION;IDENTITY_PERSISTENCE;CAUSAL_REPLAY,06_CAUSAL_LEDGER_AUTHORITY/070_RCPW_06_R02_EVENTS_RECORD_TIME_ACTOR_ENTITY_CANONICAL_LOCATION_CAUSE_PRE_STATE_POST_STATE_REFEREN.md,vm/world/evidence/remediation_315/RCPW-06-R02.json,OPERATIONAL
71,RCPW-06-R04,6,Causal Ledger Authority,Conflicting concurrent mutations are detected and resolved by an explicit policy.,PARTIAL,Requirement was applied to the design/traceability ledger but lacks a direct executable proof specific enough for OPERATIONAL status.,QP1/WQ2/AW1/WP1_SINGLE,T1_DIRECT_PROOF,TRANSACTION_CONCURRENCY,06_CAUSAL_LEDGER_AUTHORITY/071_RCPW_06_R04_CONFLICTING_CONCURRENT_MUTATIONS_ARE_DETECTED_AND_RESOLVED_BY_AN_EXPLICIT_POLICY.md,vm/world/evidence/remediation_315/RCPW-06-R04.json,OPERATIONAL
72,RCPW-06-R06,6,Causal Ledger Authority,Ephemeral telemetry is separated from durable causal history.,PARTIAL,Requirement was applied to the design/traceability ledger but lacks a direct executable proof specific enough for OPERATIONAL status.,QP1/WQ2/AW1/WP1_SINGLE,T1_DIRECT_PROOF,CAUSAL_REPLAY;NARRATIVE_KNOWLEDGE;AUTONOMOUS_HISTORY,06_CAUSAL_LEDGER_AUTHORITY/072_RCPW_06_R06_EPHEMERAL_TELEMETRY_IS_SEPARATED_FROM_DURABLE_CAUSAL_HISTORY.md,vm/world/evidence/remediation_315/RCPW-06-R06.json,OPERATIONAL
73,RCPW-06-R09,6,Causal Ledger Authority,Compaction/aggregation cannot sever causal parents required by live unresolved obligations.,PARTIAL,Requirement was applied to the design/traceability ledger but lacks a direct executable proof specific enough for OPERATIONAL status.,QP1/WQ2/AW1/WP1_SINGLE,T1_DIRECT_PROOF,IDENTITY_PERSISTENCE;CAUSAL_REPLAY,06_CAUSAL_LEDGER_AUTHORITY/073_RCPW_06_R09_COMPACTION_AGGREGATION_CANNOT_SEVER_CAUSAL_PARENTS_REQUIRED_BY_LIVE_UNRESOLVED_OBLIGA.md,vm/world/evidence/remediation_315/RCPW-06-R09.json,OPERATIONAL
74,RCPW-06-R11,6,Causal Ledger Authority,Causal graphs detect or explicitly model cycles and prevent accidental recursive event amplification.,PARTIAL,Requirement was applied to the design/traceability ledger but lacks a direct executable proof specific enough for OPERATIONAL status.,QP1/WQ2/AW1/WP1_SINGLE,T1_DIRECT_PROOF,CAUSAL_REPLAY,06_CAUSAL_LEDGER_AUTHORITY/074_RCPW_06_R11_CAUSAL_GRAPHS_DETECT_OR_EXPLICITLY_MODEL_CYCLES_AND_PREVENT_ACCIDENTAL_RECURSIVE_EVEN.md,vm/world/evidence/remediation_315/RCPW-06-R11.json,OPERATIONAL
75,RCPW-06-R14,6,Causal Ledger Authority,Debugging can produce a minimal causal slice showing why a selected entity or region reached its current authoritative state.,PARTIAL,Requirement was applied to the design/traceability ledger but lacks a direct executable proof specific enough for OPERATIONAL status.,QP1/WQ2/AW1/WP1_SINGLE,T1_DIRECT_PROOF,IDENTITY_PERSISTENCE;CAUSAL_REPLAY,06_CAUSAL_LEDGER_AUTHORITY/075_RCPW_06_R14_DEBUGGING_CAN_PRODUCE_A_MINIMAL_CAUSAL_SLICE_SHOWING_WHY_A_SELECTED_ENTITY_OR_REGION_.md,vm/world/evidence/remediation_315/RCPW-06-R14.json,OPERATIONAL
76,RCPW-06-R17,6,Causal Ledger Authority,Remote abstract resolutions record the model/version and fidelity class that produced the outcome.,PARTIAL,Requirement was applied to the design/traceability ledger but lacks a direct executable proof specific enough for OPERATIONAL status.,QP1/WQ2/AW1/WP1_SINGLE,T1_DIRECT_PROOF,VERSION_MIGRATION;LOD_TRANSITION,06_CAUSAL_LEDGER_AUTHORITY/076_RCPW_06_R17_REMOTE_ABSTRACT_RESOLUTIONS_RECORD_THE_MODEL_VERSION_AND_FIDELITY_CLASS_THAT_PRODUCED.md,vm/world/evidence/remediation_315/RCPW-06-R17.json,OPERATIONAL
77,RCPW-06-R21,6,Causal Ledger Authority,Event sequence/causal ordering remains reconstructible even when simulation work executes concurrently.,PARTIAL,Requirement was applied to the design/traceability ledger but lacks a direct executable proof specific enough for OPERATIONAL status.,QP1/WQ2/AW1/WP1_SINGLE,T1_DIRECT_PROOF,TRANSACTION_CONCURRENCY;CAUSAL_REPLAY,06_CAUSAL_LEDGER_AUTHORITY/077_RCPW_06_R21_EVENT_SEQUENCE_CAUSAL_ORDERING_REMAINS_RECONSTRUCTIBLE_EVEN_WHEN_SIMULATION_WORK_EXEC.md,vm/world/evidence/remediation_315/RCPW-06-R21.json,OPERATIONAL
78,RCPW-06-R22,6,Causal Ledger Authority,"Ledger replication or redundant persistence, where configured, uses explicit quorum/commit semantics and never treats an uncommitted replica as canonical.",PARTIAL,"A bounded hosted reference mechanism or contract exists, but the requirement exceeds the implemented local fidelity or qualification scope.",QP1/WQ2/AW1/WP1_SINGLE,T3_FABRIC,CAUSAL_REPLAY;MULTI_WORKER_CONFORMANCE,06_CAUSAL_LEDGER_AUTHORITY/078_RCPW_06_R22_LEDGER_REPLICATION_OR_REDUNDANT_PERSISTENCE_WHERE_CONFIGURED_USES_EXPLICIT_QUORUM_COM.md,vm/world/evidence/remediation_315/RCPW-06-R22.json,OPERATIONAL
79,RCPW-06-R26,6,Causal Ledger Authority,Historical compaction records uncertainty and aggregation class rather than presenting compressed history as exact event detail.,PARTIAL,Requirement was applied to the design/traceability ledger but lacks a direct executable proof specific enough for OPERATIONAL status.,QP1/WQ2/AW1/WP1_SINGLE,T1_DIRECT_PROOF,CAUSAL_REPLAY;NARRATIVE_KNOWLEDGE,06_CAUSAL_LEDGER_AUTHORITY/079_RCPW_06_R26_HISTORICAL_COMPACTION_RECORDS_UNCERTAINTY_AND_AGGREGATION_CLASS_RATHER_THAN_PRESENTIN.md,vm/world/evidence/remediation_315/RCPW-06-R26.json,OPERATIONAL
80,RCPW-06-R27,6,Causal Ledger Authority,Counterfactual/debug branches are isolated from canonical history and cannot leak mutations into the authoritative timeline.,PARTIAL,Requirement was applied to the design/traceability ledger but lacks a direct executable proof specific enough for OPERATIONAL status.,QP1/WQ2/AW1/WP1_SINGLE,T1_DIRECT_PROOF,CAUSAL_REPLAY;NARRATIVE_KNOWLEDGE,06_CAUSAL_LEDGER_AUTHORITY/080_RCPW_06_R27_COUNTERFACTUAL_DEBUG_BRANCHES_ARE_ISOLATED_FROM_CANONICAL_HISTORY_AND_CANNOT_LEAK_MUT.md,vm/world/evidence/remediation_315/RCPW-06-R27.json,OPERATIONAL
81,RCPW-06-R28,6,Causal Ledger Authority,Causal queries can identify both direct causes and historically inherited causes across generational/organizational succession.,PARTIAL,"A bounded hosted reference mechanism or contract exists, but the requirement exceeds the implemented local fidelity or qualification scope.",QP1/WQ2/AW1/WP1_SINGLE,T2_HIGH_FIDELITY,CAUSAL_REPLAY;AUTONOMOUS_HISTORY,06_CAUSAL_LEDGER_AUTHORITY/081_RCPW_06_R28_CAUSAL_QUERIES_CAN_IDENTIFY_BOTH_DIRECT_CAUSES_AND_HISTORICALLY_INHERITED_CAUSES_ACRO.md,vm/world/evidence/remediation_315/RCPW-06-R28.json,OPERATIONAL
82,RCPW-07-R02,7,Ecology Authority,Promotion/demotion between individuals and cohorts is mass/population consistent within declared tolerances.,PARTIAL,Requirement was applied to the design/traceability ledger but lacks a direct executable proof specific enough for OPERATIONAL status.,QP1/WQ2/AW1/WP1_SINGLE,T1_DIRECT_PROOF,LOD_TRANSITION;ECOLOGY_CONSERVATION;AUTONOMOUS_HISTORY,07_ECOLOGY_AUTHORITY/082_RCPW_07_R02_PROMOTION_DEMOTION_BETWEEN_INDIVIDUALS_AND_COHORTS_IS_MASS_POPULATION_CONSISTENT_WITH.md,vm/world/evidence/remediation_315/RCPW-07-R02.json,OPERATIONAL
83,RCPW-07-R03,7,Ecology Authority,Remote ecological interactions create durable consequences that can later materialize locally.,PARTIAL,Requirement was applied to the design/traceability ledger but lacks a direct executable proof specific enough for OPERATIONAL status.,QP1/WQ2/AW1/WP1_SINGLE,T1_DIRECT_PROOF,ECOLOGY_CONSERVATION;MATERIALIZATION_READINESS;AUTONOMOUS_HISTORY,07_ECOLOGY_AUTHORITY/083_RCPW_07_R03_REMOTE_ECOLOGICAL_INTERACTIONS_CREATE_DURABLE_CONSEQUENCES_THAT_CAN_LATER_MATERIALIZE.md,vm/world/evidence/remediation_315/RCPW-07-R03.json,OPERATIONAL
84,RCPW-07-R05,7,Ecology Authority,Random ecological resolutions are deterministic under recorded seeds.,PARTIAL,Requirement was applied to the design/traceability ledger but lacks a direct executable proof specific enough for OPERATIONAL status.,QP1/WQ2/AW1/WP1_SINGLE,T1_DIRECT_PROOF,ECOLOGY_CONSERVATION,07_ECOLOGY_AUTHORITY/084_RCPW_07_R05_RANDOM_ECOLOGICAL_RESOLUTIONS_ARE_DETERMINISTIC_UNDER_RECORDED_SEEDS.md,vm/world/evidence/remediation_315/RCPW-07-R05.json,OPERATIONAL
85,RCPW-07-R07,7,Ecology Authority,Ecological time-step adaptation is bounded and conservation error is measured per species/resource system.,PARTIAL,Requirement was applied to the design/traceability ledger but lacks a direct executable proof specific enough for OPERATIONAL status.,QP1/WQ2/AW1/WP1_SINGLE,T1_DIRECT_PROOF,ECOLOGY_CONSERVATION;RESOURCE_STRESS,07_ECOLOGY_AUTHORITY/085_RCPW_07_R07_ECOLOGICAL_TIME_STEP_ADAPTATION_IS_BOUNDED_AND_CONSERVATION_ERROR_IS_MEASURED_PER_SPE.md,vm/world/evidence/remediation_315/RCPW-07-R07.json,OPERATIONAL
86,RCPW-07-R08,7,Ecology Authority,Remote stochastic outcomes expose reproducible seeds and probability models.,PARTIAL,Requirement was applied to the design/traceability ledger but lacks a direct executable proof specific enough for OPERATIONAL status.,QP1/WQ2/AW1/WP1_SINGLE,T1_DIRECT_PROOF,DIRECT_EXECUTABLE_PROOF,07_ECOLOGY_AUTHORITY/086_RCPW_07_R08_REMOTE_STOCHASTIC_OUTCOMES_EXPOSE_REPRODUCIBLE_SEEDS_AND_PROBABILITY_MODELS.md,vm/world/evidence/remediation_315/RCPW-07-R08.json,OPERATIONAL
87,RCPW-07-R11,7,Ecology Authority,Habitat connectivity is canonical and cannot be altered merely by visual fold distance; migration uses canonical route/topology cost.,PARTIAL,"A bounded hosted reference mechanism or contract exists, but the requirement exceeds the implemented local fidelity or qualification scope.",QP1/WQ2/AW1/WP1_SINGLE,T2_HIGH_FIDELITY,VERSION_MIGRATION;FOLD_PROPERTY;ECOLOGY_CONSERVATION;PRESENTATION_REGRESSION;TRAVERSAL_PORTAL,07_ECOLOGY_AUTHORITY/087_RCPW_07_R11_HABITAT_CONNECTIVITY_IS_CANONICAL_AND_CANNOT_BE_ALTERED_MERELY_BY_VISUAL_FOLD_DISTANC.md,vm/world/evidence/remediation_315/RCPW-07-R11.json,OPERATIONAL
88,RCPW-07-R13,7,Ecology Authority,Local depletion and remote regeneration use one conserved resource model with declared approximation bounds.,PARTIAL,Requirement was applied to the design/traceability ledger but lacks a direct executable proof specific enough for OPERATIONAL status.,QP1/WQ2/AW1/WP1_SINGLE,T1_DIRECT_PROOF,ECOLOGY_CONSERVATION;RESOURCE_STRESS;AUTONOMOUS_HISTORY,07_ECOLOGY_AUTHORITY/088_RCPW_07_R13_LOCAL_DEPLETION_AND_REMOTE_REGENERATION_USE_ONE_CONSERVED_RESOURCE_MODEL_WITH_DECLARE.md,vm/world/evidence/remediation_315/RCPW-07-R13.json,OPERATIONAL
89,RCPW-07-R19,7,Ecology Authority,"Ecology qualification includes long-soak biodiversity, resource depletion/recovery, seasonal migration, and repeated individual↔cohort cycling.",PARTIAL,"A bounded hosted reference mechanism or contract exists, but the requirement exceeds the implemented local fidelity or qualification scope.",QP1/WQ2/AW1/WP1_SINGLE,T2_HIGH_FIDELITY,VERSION_MIGRATION;ECOLOGY_CONSERVATION;SAVE_RECOVERY;RESOURCE_STRESS;SCALE_SOAK,07_ECOLOGY_AUTHORITY/089_RCPW_07_R19_ECOLOGY_QUALIFICATION_INCLUDES_LONG_SOAK_BIODIVERSITY_RESOURCE_DEPLETION_RECOVERY_SEA.md,vm/world/evidence/remediation_315/RCPW-07-R19.json,OPERATIONAL
90,RCPW-07-R20,7,Ecology Authority,Ecological regions may execute on different workers/partitions while migration and shared-resource boundaries use canonical transfer events.,PARTIAL,"A bounded hosted reference mechanism or contract exists, but the requirement exceeds the implemented local fidelity or qualification scope.",QP1/WQ2/AW1/WP1_SINGLE,T3_FABRIC,VERSION_MIGRATION;CAUSAL_REPLAY;ECOLOGY_CONSERVATION;RESOURCE_STRESS;MULTI_WORKER_CONFORMANCE,07_ECOLOGY_AUTHORITY/090_RCPW_07_R20_ECOLOGICAL_REGIONS_MAY_EXECUTE_ON_DIFFERENT_WORKERS_PARTITIONS_WHILE_MIGRATION_AND_SH.md,vm/world/evidence/remediation_315/RCPW-07-R20.json,OPERATIONAL
91,RCPW-07-R21,7,Ecology Authority,Cohort split/merge across partition boundaries is deterministic and conservation-audited.,PARTIAL,Requirement was applied to the design/traceability ledger but lacks a direct executable proof specific enough for OPERATIONAL status.,QP1/WQ2/AW1/WP1_SINGLE,T3_FABRIC,ECOLOGY_CONSERVATION;MULTI_WORKER_CONFORMANCE,07_ECOLOGY_AUTHORITY/091_RCPW_07_R21_COHORT_SPLIT_MERGE_ACROSS_PARTITION_BOUNDARIES_IS_DETERMINISTIC_AND_CONSERVATION_AUDI.md,vm/world/evidence/remediation_315/RCPW-07-R21.json,OPERATIONAL
92,RCPW-07-R22,7,Ecology Authority,Ecological worker restart resumes from checkpoint plus ledger without population duplication or lost resource debt.,PARTIAL,"A bounded hosted reference mechanism or contract exists, but the requirement exceeds the implemented local fidelity or qualification scope.",QP1/WQ2/AW1/WP1_SINGLE,T3_FABRIC,CAUSAL_REPLAY;ECOLOGY_CONSERVATION;SAVE_RECOVERY;RESOURCE_STRESS;MULTI_WORKER_CONFORMANCE,07_ECOLOGY_AUTHORITY/092_RCPW_07_R22_ECOLOGICAL_WORKER_RESTART_RESUMES_FROM_CHECKPOINT_PLUS_LEDGER_WITHOUT_POPULATION_DUPL.md,vm/world/evidence/remediation_315/RCPW-07-R22.json,OPERATIONAL
93,RCPW-07-R25,7,Ecology Authority,"Ecology supports long-term succession, habitat transformation, local extinction/reintroduction, resource regeneration, and climate/season coupling across world ages.",PARTIAL,"A bounded hosted reference mechanism or contract exists, but the requirement exceeds the implemented local fidelity or qualification scope.",QP1/WQ2/AW1/WP1_SINGLE,T2_HIGH_FIDELITY,REFERENCE_PRECISION;ECOLOGY_CONSERVATION;RESOURCE_STRESS;AUTONOMOUS_HISTORY,07_ECOLOGY_AUTHORITY/093_RCPW_07_R25_ECOLOGY_SUPPORTS_LONG_TERM_SUCCESSION_HABITAT_TRANSFORMATION_LOCAL_EXTINCTION_REINTRO.md,vm/world/evidence/remediation_315/RCPW-07-R25.json,OPERATIONAL
94,RCPW-07-R27,7,Ecology Authority,"Ecological inheritance tracks persistent habitat changes caused by settlement growth, infrastructure, fire, resource depletion, and restoration.",PARTIAL,"A bounded hosted reference mechanism or contract exists, but the requirement exceeds the implemented local fidelity or qualification scope.",QP1/WQ2/AW1/WP1_SINGLE,T2_HIGH_FIDELITY,IDENTITY_PERSISTENCE;ECOLOGY_CONSERVATION;ECONOMY_CONSERVATION;RESOURCE_STRESS,07_ECOLOGY_AUTHORITY/094_RCPW_07_R27_ECOLOGICAL_INHERITANCE_TRACKS_PERSISTENT_HABITAT_CHANGES_CAUSED_BY_SETTLEMENT_GROWTH_.md,vm/world/evidence/remediation_315/RCPW-07-R27.json,OPERATIONAL
95,RCPW-07-R29,7,Ecology Authority,"Qualification includes multi-era ecological succession, settlement expansion pressure, climate variation, region synthesis, archive, and later rehydration.",PARTIAL,"A bounded hosted reference mechanism or contract exists, but the requirement exceeds the implemented local fidelity or qualification scope.",QP1/WQ2/AW1/WP1_SINGLE,T2_HIGH_FIDELITY,ECOLOGY_CONSERVATION;ECONOMY_CONSERVATION;AUTONOMOUS_HISTORY,07_ECOLOGY_AUTHORITY/095_RCPW_07_R29_QUALIFICATION_INCLUDES_MULTI_ERA_ECOLOGICAL_SUCCESSION_SETTLEMENT_EXPANSION_PRESSURE_.md,vm/world/evidence/remediation_315/RCPW-07-R29.json,OPERATIONAL
96,RCPW-08-R01,8,Civilization / Economy Authority,Settlements retain authoritative economic and social state when outside local rendering range.,PARTIAL,"A bounded hosted reference mechanism or contract exists, but the requirement exceeds the implemented local fidelity or qualification scope.",QP1/WQ2/AW1/WP1_SINGLE,T2_HIGH_FIDELITY,ECONOMY_CONSERVATION;PRESENTATION_REGRESSION,08_CIVILIZATION_ECONOMY_AUTHORITY/096_RCPW_08_R01_SETTLEMENTS_RETAIN_AUTHORITATIVE_ECONOMIC_AND_SOCIAL_STATE_WHEN_OUTSIDE_LOCAL_RENDERI.md,vm/world/evidence/remediation_315/RCPW-08-R01.json,OPERATIONAL
97,RCPW-08-R02,8,Civilization / Economy Authority,Individual citizens and aggregate households/cohorts convert without duplicating or erasing population.,PARTIAL,Requirement was applied to the design/traceability ledger but lacks a direct executable proof specific enough for OPERATIONAL status.,QP1/WQ2/AW1/WP1_SINGLE,T1_DIRECT_PROOF,ECOLOGY_CONSERVATION;AUTONOMOUS_HISTORY,08_CIVILIZATION_ECONOMY_AUTHORITY/097_RCPW_08_R02_INDIVIDUAL_CITIZENS_AND_AGGREGATE_HOUSEHOLDS_COHORTS_CONVERT_WITHOUT_DUPLICATING_OR_E.md,vm/world/evidence/remediation_315/RCPW-08-R02.json,OPERATIONAL
98,RCPW-08-R03,8,Civilization / Economy Authority,"Production, consumption, inventory, transport, scarcity, pricing, labor, migration, crime, and law have explicit state transitions.",PARTIAL,"A bounded hosted reference mechanism or contract exists, but the requirement exceeds the implemented local fidelity or qualification scope.",QP1/WQ2/AW1/WP1_SINGLE,T4_PRODUCTION_EXTERNAL,VERSION_MIGRATION;ECONOMY_CONSERVATION;SCALE_SOAK,08_CIVILIZATION_ECONOMY_AUTHORITY/098_RCPW_08_R03_PRODUCTION_CONSUMPTION_INVENTORY_TRANSPORT_SCARCITY_PRICING_LABOR_MIGRATION_CRIME_AND.md,vm/world/evidence/remediation_315/RCPW-08-R03.json,OPERATIONAL
99,RCPW-08-R04,8,Civilization / Economy Authority,Remote shocks propagate causally through connected trade/transport networks.,PARTIAL,"A bounded hosted reference mechanism or contract exists, but the requirement exceeds the implemented local fidelity or qualification scope.",QP1/WQ2/AW1/WP1_SINGLE,T2_HIGH_FIDELITY,CAUSAL_REPLAY;ECONOMY_CONSERVATION,08_CIVILIZATION_ECONOMY_AUTHORITY/099_RCPW_08_R04_REMOTE_SHOCKS_PROPAGATE_CAUSALLY_THROUGH_CONNECTED_TRADE_TRANSPORT_NETWORKS.md,vm/world/evidence/remediation_315/RCPW-08-R04.json,OPERATIONAL
100,RCPW-08-R05,8,Civilization / Economy Authority,"Aggregate history materializes into locally coherent inventories, prices, NPC schedules, prosperity/damage, law state, and migration.",PARTIAL,Requirement was applied to the design/traceability ledger but lacks a direct executable proof specific enough for OPERATIONAL status.,QP1/WQ2/AW1/WP1_SINGLE,T1_DIRECT_PROOF,VERSION_MIGRATION;CAUSAL_REPLAY;ECONOMY_CONSERVATION;NARRATIVE_KNOWLEDGE;MATERIALIZATION_READINESS,08_CIVILIZATION_ECONOMY_AUTHORITY/100_RCPW_08_R05_AGGREGATE_HISTORY_MATERIALIZES_INTO_LOCALLY_COHERENT_INVENTORIES_PRICES_NPC_SCHEDULES.md,vm/world/evidence/remediation_315/RCPW-08-R05.json,OPERATIONAL
101,RCPW-08-R06,8,Civilization / Economy Authority,Economic abstraction error is measured against a smaller high-fidelity reference simulation.,PARTIAL,Requirement was applied to the design/traceability ledger but lacks a direct executable proof specific enough for OPERATIONAL status.,QP1/WQ2/AW1/WP1_SINGLE,T1_DIRECT_PROOF,REFERENCE_PRECISION;LOD_TRANSITION;ECONOMY_CONSERVATION,08_CIVILIZATION_ECONOMY_AUTHORITY/101_RCPW_08_R06_ECONOMIC_ABSTRACTION_ERROR_IS_MEASURED_AGAINST_A_SMALLER_HIGH_FIDELITY_REFERENCE_SIMU.md,vm/world/evidence/remediation_315/RCPW-08-R06.json,OPERATIONAL
102,RCPW-08-R08,8,Civilization / Economy Authority,Transport latency and capacity remain canonical and are not shortened merely because geography is visually folded.,PARTIAL,"A bounded hosted reference mechanism or contract exists, but the requirement exceeds the implemented local fidelity or qualification scope.",QP1/WQ2/AW1/WP1_SINGLE,T2_HIGH_FIDELITY,FOLD_PROPERTY;ECONOMY_CONSERVATION;PRESENTATION_REGRESSION;RESOURCE_STRESS;SCALE_SOAK,08_CIVILIZATION_ECONOMY_AUTHORITY/102_RCPW_08_R08_TRANSPORT_LATENCY_AND_CAPACITY_REMAIN_CANONICAL_AND_ARE_NOT_SHORTENED_MERELY_BECAUSE_.md,vm/world/evidence/remediation_315/RCPW-08-R08.json,OPERATIONAL
103,RCPW-08-R10,8,Civilization / Economy Authority,"Remote shocks include causal delay, substitution, and recovery rather than instantaneous global propagation.",PARTIAL,Requirement was applied to the design/traceability ledger but lacks a direct executable proof specific enough for OPERATIONAL status.,QP1/WQ2/AW1/WP1_SINGLE,T1_DIRECT_PROOF,CAUSAL_REPLAY;SAVE_RECOVERY,08_CIVILIZATION_ECONOMY_AUTHORITY/103_RCPW_08_R10_REMOTE_SHOCKS_INCLUDE_CAUSAL_DELAY_SUBSTITUTION_AND_RECOVERY_RATHER_THAN_INSTANTANEOU.md,vm/world/evidence/remediation_315/RCPW-08-R10.json,OPERATIONAL
104,RCPW-08-R11,8,Civilization / Economy Authority,"Settlement economies include explicit production chains, storage, transport dependency, labor allocation, demand substitution, and recovery after shocks.",PARTIAL,"A bounded hosted reference mechanism or contract exists, but the requirement exceeds the implemented local fidelity or qualification scope.",QP1/WQ2/AW1/WP1_SINGLE,T4_PRODUCTION_EXTERNAL,ECONOMY_CONSERVATION;SAVE_RECOVERY;SCALE_SOAK,08_CIVILIZATION_ECONOMY_AUTHORITY/104_RCPW_08_R11_SETTLEMENT_ECONOMIES_INCLUDE_EXPLICIT_PRODUCTION_CHAINS_STORAGE_TRANSPORT_DEPENDENCY_.md,vm/world/evidence/remediation_315/RCPW-08-R11.json,OPERATIONAL
105,RCPW-08-R12,8,Civilization / Economy Authority,"Law, reputation, faction control, crime, policing, and social response remain causally active outside the local render shell.",PARTIAL,"A bounded hosted reference mechanism or contract exists, but the requirement exceeds the implemented local fidelity or qualification scope.",QP1/WQ2/AW1/WP1_SINGLE,T2_HIGH_FIDELITY,CAUSAL_REPLAY;ECONOMY_CONSERVATION;PRESENTATION_REGRESSION;RESOURCE_STRESS,08_CIVILIZATION_ECONOMY_AUTHORITY/105_RCPW_08_R12_LAW_REPUTATION_FACTION_CONTROL_CRIME_POLICING_AND_SOCIAL_RESPONSE_REMAIN_CAUSALLY_ACT.md,vm/world/evidence/remediation_315/RCPW-08-R12.json,OPERATIONAL
106,RCPW-08-R15,8,Civilization / Economy Authority,"Civilization/economy authority includes household, workplace, production-site, merchant, transport, and jurisdiction relationships in the canonical world graph.",PARTIAL,"A bounded hosted reference mechanism or contract exists, but the requirement exceeds the implemented local fidelity or qualification scope.",QP1/WQ2/AW1/WP1_SINGLE,T4_PRODUCTION_EXTERNAL,ECONOMY_CONSERVATION;SCALE_SOAK,08_CIVILIZATION_ECONOMY_AUTHORITY/106_RCPW_08_R15_CIVILIZATION_ECONOMY_AUTHORITY_INCLUDES_HOUSEHOLD_WORKPLACE_PRODUCTION_SITE_MERCHANT_.md,vm/world/evidence/remediation_315/RCPW-08-R15.json,OPERATIONAL
107,RCPW-08-R16,8,Civilization / Economy Authority,Economic transactions are double-entry or equivalently conservation-auditable for money/inventory/value flows where applicable.,PARTIAL,"A bounded hosted reference mechanism or contract exists, but the requirement exceeds the implemented local fidelity or qualification scope.",QP1/WQ2/AW1/WP1_SINGLE,T2_HIGH_FIDELITY,TRANSACTION_CONCURRENCY;ECONOMY_CONSERVATION,08_CIVILIZATION_ECONOMY_AUTHORITY/107_RCPW_08_R16_ECONOMIC_TRANSACTIONS_ARE_DOUBLE_ENTRY_OR_EQUIVALENTLY_CONSERVATION_AUDITABLE_FOR_MON.md,vm/world/evidence/remediation_315/RCPW-08-R16.json,OPERATIONAL
108,RCPW-08-R22,8,Civilization / Economy Authority,"Economic worker restart cannot duplicate money, inventory, population, deliveries, or outstanding obligations.",PARTIAL,"A bounded hosted reference mechanism or contract exists, but the requirement exceeds the implemented local fidelity or qualification scope.",QP1/WQ2/AW1/WP1_SINGLE,T3_FABRIC,ECOLOGY_CONSERVATION;ECONOMY_CONSERVATION;MULTI_WORKER_CONFORMANCE,08_CIVILIZATION_ECONOMY_AUTHORITY/108_RCPW_08_R22_ECONOMIC_WORKER_RESTART_CANNOT_DUPLICATE_MONEY_INVENTORY_POPULATION_DELIVERIES_OR_OUT.md,vm/world/evidence/remediation_315/RCPW-08-R22.json,OPERATIONAL
109,RCPW-08-R24,8,Civilization / Economy Authority,"Economy scale qualification includes concurrent settlements, partition migration, route disruption, worker loss, recovery, and ledger reconciliation.",PARTIAL,"A bounded hosted reference mechanism or contract exists, but the requirement exceeds the implemented local fidelity or qualification scope.",QP1/WQ2/AW1/WP1_SINGLE,T3_FABRIC,VERSION_MIGRATION;TRANSACTION_CONCURRENCY;CAUSAL_REPLAY;ECONOMY_CONSERVATION;SAVE_RECOVERY;MULTI_WORKER_CONFORMANCE;TRAVERSAL_PORTAL;SCALE_SOAK,08_CIVILIZATION_ECONOMY_AUTHORITY/109_RCPW_08_R24_ECONOMY_SCALE_QUALIFICATION_INCLUDES_CONCURRENT_SETTLEMENTS_PARTITION_MIGRATION_ROUTE.md,vm/world/evidence/remediation_315/RCPW-08-R24.json,OPERATIONAL
110,RCPW-08-R26,8,Civilization / Economy Authority,"Demographics include household formation/dissolution, migration, births/creations, deaths/retirement, occupation transfer, and role succession with conservation/accounting rules.",PARTIAL,"A bounded hosted reference mechanism or contract exists, but the requirement exceeds the implemented local fidelity or qualification scope.",QP1/WQ2/AW1/WP1_SINGLE,T2_HIGH_FIDELITY,VERSION_MIGRATION;AUTONOMOUS_HISTORY,08_CIVILIZATION_ECONOMY_AUTHORITY/110_RCPW_08_R26_DEMOGRAPHICS_INCLUDE_HOUSEHOLD_FORMATION_DISSOLUTION_MIGRATION_BIRTHS_CREATIONS_DEATH.md,vm/world/evidence/remediation_315/RCPW-08-R26.json,OPERATIONAL
111,RCPW-08-R29,8,Civilization / Economy Authority,"Qualification includes multi-generation town growth/decline, migration waves, infrastructure change, route-network evolution, and economic continuity after archival/rehydration.",PARTIAL,"A bounded hosted reference mechanism or contract exists, but the requirement exceeds the implemented local fidelity or qualification scope.",QP1/WQ2/AW1/WP1_SINGLE,T2_HIGH_FIDELITY,VERSION_MIGRATION;FOLD_PROPERTY;ECONOMY_CONSERVATION;TRAVERSAL_PORTAL;AUTONOMOUS_HISTORY,08_CIVILIZATION_ECONOMY_AUTHORITY/111_RCPW_08_R29_QUALIFICATION_INCLUDES_MULTI_GENERATION_TOWN_GROWTH_DECLINE_MIGRATION_WAVES_INFRASTRU.md,vm/world/evidence/remediation_315/RCPW-08-R29.json,OPERATIONAL
112,RCPW-09-R02,9,Narrative Gravity Authority,"Narrative significance changes priority, update frequency, and representation only within bounded resource policy.",PARTIAL,Requirement was applied to the design/traceability ledger but lacks a direct executable proof specific enough for OPERATIONAL status.,QP1/WQ2/AW1/WP1_SINGLE,T1_DIRECT_PROOF,LOD_TRANSITION;ECOLOGY_CONSERVATION;NARRATIVE_KNOWLEDGE;RESOURCE_STRESS,09_NARRATIVE_GRAVITY_AUTHORITY/112_RCPW_09_R02_NARRATIVE_SIGNIFICANCE_CHANGES_PRIORITY_UPDATE_FREQUENCY_AND_REPRESENTATION_ONLY_WITH.md,vm/world/evidence/remediation_315/RCPW-09-R02.json,OPERATIONAL
113,RCPW-09-R04,9,Narrative Gravity Authority,Narrative gravity decays or transitions according to explicit lifecycle rules.,PARTIAL,Requirement was applied to the design/traceability ledger but lacks a direct executable proof specific enough for OPERATIONAL status.,QP1/WQ2/AW1/WP1_SINGLE,T1_DIRECT_PROOF,IDENTITY_PERSISTENCE;NARRATIVE_KNOWLEDGE,09_NARRATIVE_GRAVITY_AUTHORITY/113_RCPW_09_R04_NARRATIVE_GRAVITY_DECAYS_OR_TRANSITIONS_ACCORDING_TO_EXPLICIT_LIFECYCLE_RULES.md,vm/world/evidence/remediation_315/RCPW-09-R04.json,OPERATIONAL
114,RCPW-09-R05,9,Narrative Gravity Authority,Narrative gravity cannot mutate canonical story truth by itself.,PARTIAL,Requirement was applied to the design/traceability ledger but lacks a direct executable proof specific enough for OPERATIONAL status.,QP1/WQ2/AW1/WP1_SINGLE,T1_DIRECT_PROOF,NARRATIVE_KNOWLEDGE,09_NARRATIVE_GRAVITY_AUTHORITY/114_RCPW_09_R05_NARRATIVE_GRAVITY_CANNOT_MUTATE_CANONICAL_STORY_TRUTH_BY_ITSELF.md,vm/world/evidence/remediation_315/RCPW-09-R05.json,OPERATIONAL
115,RCPW-09-R06,9,Narrative Gravity Authority,Priority manipulation and starvation attacks are bounded and testable.,PARTIAL,Requirement was applied to the design/traceability ledger but lacks a direct executable proof specific enough for OPERATIONAL status.,QP1/WQ2/AW1/WP1_SINGLE,T1_DIRECT_PROOF,RESOURCE_STRESS,09_NARRATIVE_GRAVITY_AUTHORITY/115_RCPW_09_R06_PRIORITY_MANIPULATION_AND_STARVATION_ATTACKS_ARE_BOUNDED_AND_TESTABLE.md,vm/world/evidence/remediation_315/RCPW-09-R06.json,OPERATIONAL
116,RCPW-09-R07,9,Narrative Gravity Authority,"Narrative gravity is signed/typed so urgency, relevance, threat, and authored importance are distinguishable.",PARTIAL,Requirement was applied to the design/traceability ledger but lacks a direct executable proof specific enough for OPERATIONAL status.,QP1/WQ2/AW1/WP1_SINGLE,T1_DIRECT_PROOF,NARRATIVE_KNOWLEDGE,09_NARRATIVE_GRAVITY_AUTHORITY/116_RCPW_09_R07_NARRATIVE_GRAVITY_IS_SIGNED_TYPED_SO_URGENCY_RELEVANCE_THREAT_AND_AUTHORED_IMPORTANCE.md,vm/world/evidence/remediation_315/RCPW-09-R07.json,OPERATIONAL
117,RCPW-09-R08,9,Narrative Gravity Authority,Priority escalation has hard caps and reserve budgets for non-narrative systemic simulation.,PARTIAL,Requirement was applied to the design/traceability ledger but lacks a direct executable proof specific enough for OPERATIONAL status.,QP1/WQ2/AW1/WP1_SINGLE,T1_DIRECT_PROOF,NARRATIVE_KNOWLEDGE;RESOURCE_STRESS,09_NARRATIVE_GRAVITY_AUTHORITY/117_RCPW_09_R08_PRIORITY_ESCALATION_HAS_HARD_CAPS_AND_RESERVE_BUDGETS_FOR_NON_NARRATIVE_SYSTEMIC_SIMU.md,vm/world/evidence/remediation_315/RCPW-09-R08.json,OPERATIONAL
118,RCPW-09-R10,9,Narrative Gravity Authority,No narrative-gravity rule may fabricate outcomes for events that require canonical simulation evidence.,PARTIAL,Requirement was applied to the design/traceability ledger but lacks a direct executable proof specific enough for OPERATIONAL status.,QP1/WQ2/AW1/WP1_SINGLE,T1_DIRECT_PROOF,CAUSAL_REPLAY;NARRATIVE_KNOWLEDGE,09_NARRATIVE_GRAVITY_AUTHORITY/118_RCPW_09_R10_NO_NARRATIVE_GRAVITY_RULE_MAY_FABRICATE_OUTCOMES_FOR_EVENTS_THAT_REQUIRE_CANONICAL_SI.md,vm/world/evidence/remediation_315/RCPW-09-R10.json,OPERATIONAL
119,RCPW-09-R11,9,Narrative Gravity Authority,"Narrative gravity integrates with an event-orchestration authority that distinguishes authored beats, systemic events, optional encounters, and emergent consequences.",PARTIAL,Requirement was applied to the design/traceability ledger but lacks a direct executable proof specific enough for OPERATIONAL status.,QP1/WQ2/AW1/WP1_SINGLE,T1_DIRECT_PROOF,CAUSAL_REPLAY;NARRATIVE_KNOWLEDGE,09_NARRATIVE_GRAVITY_AUTHORITY/119_RCPW_09_R11_NARRATIVE_GRAVITY_INTEGRATES_WITH_AN_EVENT_ORCHESTRATION_AUTHORITY_THAT_DISTINGUISHES.md,vm/world/evidence/remediation_315/RCPW-09-R11.json,OPERATIONAL
120,RCPW-09-R12,9,Narrative Gravity Authority,"Off-screen event resolution declares whether the outcome was fully simulated, abstractly resolved, deferred, or blocked awaiting higher fidelity.",PARTIAL,Requirement was applied to the design/traceability ledger but lacks a direct executable proof specific enough for OPERATIONAL status.,QP1/WQ2/AW1/WP1_SINGLE,T1_DIRECT_PROOF,LOD_TRANSITION;CAUSAL_REPLAY,09_NARRATIVE_GRAVITY_AUTHORITY/120_RCPW_09_R12_OFF_SCREEN_EVENT_RESOLUTION_DECLARES_WHETHER_THE_OUTCOME_WAS_FULLY_SIMULATED_ABSTRACT.md,vm/world/evidence/remediation_315/RCPW-09-R12.json,OPERATIONAL
121,RCPW-09-R13,9,Narrative Gravity Authority,"Narrative priority cannot violate canonical travel time, ownership, death, destruction, or other established causal facts without an explicit authored override event.",PARTIAL,Requirement was applied to the design/traceability ledger but lacks a direct executable proof specific enough for OPERATIONAL status.,QP1/WQ2/AW1/WP1_SINGLE,T1_DIRECT_PROOF,TRANSACTION_CONCURRENCY;CAUSAL_REPLAY;NARRATIVE_KNOWLEDGE,09_NARRATIVE_GRAVITY_AUTHORITY/121_RCPW_09_R13_NARRATIVE_PRIORITY_CANNOT_VIOLATE_CANONICAL_TRAVEL_TIME_OWNERSHIP_DEATH_DESTRUCTION_O.md,vm/world/evidence/remediation_315/RCPW-09-R13.json,OPERATIONAL
122,RCPW-09-R14,9,Narrative Gravity Authority,Competing narrative wells use deterministic arbitration and expose why one event received higher simulation authority.,PARTIAL,Requirement was applied to the design/traceability ledger but lacks a direct executable proof specific enough for OPERATIONAL status.,QP1/WQ2/AW1/WP1_SINGLE,T1_DIRECT_PROOF,CAUSAL_REPLAY;NARRATIVE_KNOWLEDGE,09_NARRATIVE_GRAVITY_AUTHORITY/122_RCPW_09_R14_COMPETING_NARRATIVE_WELLS_USE_DETERMINISTIC_ARBITRATION_AND_EXPOSE_WHY_ONE_EVENT_RECE.md,vm/world/evidence/remediation_315/RCPW-09-R14.json,OPERATIONAL
123,RCPW-09-R15,9,Narrative Gravity Authority,"Narrative gravity consumes explicit story/event metadata but does not own canonical facts such as death, travel, inventory, location, or destruction.",PARTIAL,Requirement was applied to the design/traceability ledger but lacks a direct executable proof specific enough for OPERATIONAL status.,QP1/WQ2/AW1/WP1_SINGLE,T1_DIRECT_PROOF,CAUSAL_REPLAY;ECONOMY_CONSERVATION;NARRATIVE_KNOWLEDGE,09_NARRATIVE_GRAVITY_AUTHORITY/123_RCPW_09_R15_NARRATIVE_GRAVITY_CONSUMES_EXPLICIT_STORY_EVENT_METADATA_BUT_DOES_NOT_OWN_CANONICAL_F.md,vm/world/evidence/remediation_315/RCPW-09-R15.json,OPERATIONAL
124,RCPW-09-R16,9,Narrative Gravity Authority,Narrative authority supports event reservation so two authored/systemic events cannot simultaneously claim an exclusive actor/resource without arbitration.,PARTIAL,Requirement was applied to the design/traceability ledger but lacks a direct executable proof specific enough for OPERATIONAL status.,QP1/WQ2/AW1/WP1_SINGLE,T1_DIRECT_PROOF,CAUSAL_REPLAY;ECOLOGY_CONSERVATION;NARRATIVE_KNOWLEDGE;RESOURCE_STRESS,09_NARRATIVE_GRAVITY_AUTHORITY/124_RCPW_09_R16_NARRATIVE_AUTHORITY_SUPPORTS_EVENT_RESERVATION_SO_TWO_AUTHORED_SYSTEMIC_EVENTS_CANNOT.md,vm/world/evidence/remediation_315/RCPW-09-R16.json,OPERATIONAL
125,RCPW-09-R17,9,Narrative Gravity Authority,Story/event conditions are evaluated against canonical state and ledger history rather than render presence.,PARTIAL,"A bounded hosted reference mechanism or contract exists, but the requirement exceeds the implemented local fidelity or qualification scope.",QP1/WQ2/AW1/WP1_SINGLE,T2_HIGH_FIDELITY,CAUSAL_REPLAY;NARRATIVE_KNOWLEDGE;PRESENTATION_REGRESSION,09_NARRATIVE_GRAVITY_AUTHORITY/125_RCPW_09_R17_STORY_EVENT_CONDITIONS_ARE_EVALUATED_AGAINST_CANONICAL_STATE_AND_LEDGER_HISTORY_RATHE.md,vm/world/evidence/remediation_315/RCPW-09-R17.json,OPERATIONAL
126,RCPW-09-R18,9,Narrative Gravity Authority,"Deferred narrative events carry expiration, escalation, and fallback semantics so off-screen blocking cannot deadlock the world.",PARTIAL,Requirement was applied to the design/traceability ledger but lacks a direct executable proof specific enough for OPERATIONAL status.,QP1/WQ2/AW1/WP1_SINGLE,T1_DIRECT_PROOF,CAUSAL_REPLAY;NARRATIVE_KNOWLEDGE,09_NARRATIVE_GRAVITY_AUTHORITY/126_RCPW_09_R18_DEFERRED_NARRATIVE_EVENTS_CARRY_EXPIRATION_ESCALATION_AND_FALLBACK_SEMANTICS_SO_OFF_S.md,vm/world/evidence/remediation_315/RCPW-09-R18.json,OPERATIONAL
127,RCPW-09-R20,9,Narrative Gravity Authority,Narrative reservations and authority wells are globally arbitrated even when actors/events are simulated on different workers.,PARTIAL,"A bounded hosted reference mechanism or contract exists, but the requirement exceeds the implemented local fidelity or qualification scope.",QP1/WQ2/AW1/WP1_SINGLE,T3_FABRIC,CAUSAL_REPLAY;NARRATIVE_KNOWLEDGE;MULTI_WORKER_CONFORMANCE,09_NARRATIVE_GRAVITY_AUTHORITY/127_RCPW_09_R20_NARRATIVE_RESERVATIONS_AND_AUTHORITY_WELLS_ARE_GLOBALLY_ARBITRATED_EVEN_WHEN_ACTORS_E.md,vm/world/evidence/remediation_315/RCPW-09-R20.json,OPERATIONAL
128,RCPW-09-R21,9,Narrative Gravity Authority,Exclusive actor/resource reservations use deterministic conflict resolution and survive partition migration/recovery.,PARTIAL,Requirement was applied to the design/traceability ledger but lacks a direct executable proof specific enough for OPERATIONAL status.,QP1/WQ2/AW1/WP1_SINGLE,T3_FABRIC,VERSION_MIGRATION;ECOLOGY_CONSERVATION;SAVE_RECOVERY;RESOURCE_STRESS;MULTI_WORKER_CONFORMANCE,09_NARRATIVE_GRAVITY_AUTHORITY/128_RCPW_09_R21_EXCLUSIVE_ACTOR_RESOURCE_RESERVATIONS_USE_DETERMINISTIC_CONFLICT_RESOLUTION_AND_SURVI.md,vm/world/evidence/remediation_315/RCPW-09-R21.json,OPERATIONAL
129,RCPW-09-R22,9,Narrative Gravity Authority,Narrative state read from a lagging partition is revision-checked before committing canonical story consequences.,PARTIAL,Requirement was applied to the design/traceability ledger but lacks a direct executable proof specific enough for OPERATIONAL status.,QP1/WQ2/AW1/WP1_SINGLE,T3_FABRIC,TRANSACTION_CONCURRENCY;NARRATIVE_KNOWLEDGE;MULTI_WORKER_CONFORMANCE,09_NARRATIVE_GRAVITY_AUTHORITY/129_RCPW_09_R22_NARRATIVE_STATE_READ_FROM_A_LAGGING_PARTITION_IS_REVISION_CHECKED_BEFORE_COMMITTING_C.md,vm/world/evidence/remediation_315/RCPW-09-R22.json,OPERATIONAL
130,RCPW-09-R23,9,Narrative Gravity Authority,Authored live-content updates cannot rewrite completed canonical history unless delivered as explicit versioned migration/retcon events.,PARTIAL,Requirement was applied to the design/traceability ledger but lacks a direct executable proof specific enough for OPERATIONAL status.,QP1/WQ2/AW1/WP1_SINGLE,T1_DIRECT_PROOF,VERSION_MIGRATION;CAUSAL_REPLAY;NARRATIVE_KNOWLEDGE,09_NARRATIVE_GRAVITY_AUTHORITY/130_RCPW_09_R23_AUTHORED_LIVE_CONTENT_UPDATES_CANNOT_REWRITE_COMPLETED_CANONICAL_HISTORY_UNLESS_DELIV.md,vm/world/evidence/remediation_315/RCPW-09-R23.json,OPERATIONAL
131,RCPW-09-R24,9,Narrative Gravity Authority,"Narrative qualification includes hot content patch, worker restart, competing reservations, long off-screen deferral, and rollback.",PARTIAL,"A bounded hosted reference mechanism or contract exists, but the requirement exceeds the implemented local fidelity or qualification scope.",QP1/WQ2/AW1/WP1_SINGLE,T3_FABRIC,VERSION_MIGRATION;NARRATIVE_KNOWLEDGE;MULTI_WORKER_CONFORMANCE,09_NARRATIVE_GRAVITY_AUTHORITY/131_RCPW_09_R24_NARRATIVE_QUALIFICATION_INCLUDES_HOT_CONTENT_PATCH_WORKER_RESTART_COMPETING_RESERVATI.md,vm/world/evidence/remediation_315/RCPW-09-R24.json,OPERATIONAL
132,RCPW-09-R25,9,Narrative Gravity Authority,Narrative gravity distinguishes world-history significance from immediate player-story relevance so historically important remote changes may remain durable without consuming high local fidelity indefinitely.,PARTIAL,Requirement was applied to the design/traceability ledger but lacks a direct executable proof specific enough for OPERATIONAL status.,QP1/WQ2/AW1/WP1_SINGLE,T1_DIRECT_PROOF,LOD_TRANSITION;CAUSAL_REPLAY;NARRATIVE_KNOWLEDGE,09_NARRATIVE_GRAVITY_AUTHORITY/132_RCPW_09_R25_NARRATIVE_GRAVITY_DISTINGUISHES_WORLD_HISTORY_SIGNIFICANCE_FROM_IMMEDIATE_PLAYER_STOR.md,vm/world/evidence/remediation_315/RCPW-09-R25.json,OPERATIONAL
133,RCPW-10-R02,10,Materialization Authority,Visibility/interaction deadlines drive prewarm priority.,PARTIAL,Requirement was applied to the design/traceability ledger but lacks a direct executable proof specific enough for OPERATIONAL status.,QP1/WQ2/AW1/WP1_SINGLE,T1_DIRECT_PROOF,MATERIALIZATION_READINESS;PRESENTATION_REGRESSION;AUTONOMOUS_HISTORY,10_MATERIALIZATION_AUTHORITY/133_RCPW_10_R02_VISIBILITY_INTERACTION_DEADLINES_DRIVE_PREWARM_PRIORITY.md,vm/world/evidence/remediation_315/RCPW-10-R02.json,OPERATIONAL
134,RCPW-10-R03,10,Materialization Authority,Fast traversal and teleportation have explicit staging/fallback behavior.,PARTIAL,Requirement was applied to the design/traceability ledger but lacks a direct executable proof specific enough for OPERATIONAL status.,QP1/WQ2/AW1/WP1_SINGLE,T1_DIRECT_PROOF,TRAVERSAL_PORTAL,10_MATERIALIZATION_AUTHORITY/134_RCPW_10_R03_FAST_TRAVERSAL_AND_TELEPORTATION_HAVE_EXPLICIT_STAGING_FALLBACK_BEHAVIOR.md,vm/world/evidence/remediation_315/RCPW-10-R03.json,OPERATIONAL
135,RCPW-10-R04,10,Materialization Authority,State unavailable by deadline degrades presentation safely rather than fabricating authoritative truth.,PARTIAL,Requirement was applied to the design/traceability ledger but lacks a direct executable proof specific enough for OPERATIONAL status.,QP1/WQ2/AW1/WP1_SINGLE,T1_DIRECT_PROOF,DIRECT_EXECUTABLE_PROOF,10_MATERIALIZATION_AUTHORITY/135_RCPW_10_R04_STATE_UNAVAILABLE_BY_DEADLINE_DEGRADES_PRESENTATION_SAFELY_RATHER_THAN_FABRICATING_AU.md,vm/world/evidence/remediation_315/RCPW-10-R04.json,OPERATIONAL
136,RCPW-10-R07,10,Materialization Authority,"Materialization has explicit readiness levels separating visually present, physically valid, AI-ready, and interactable.",PARTIAL,"A bounded hosted reference mechanism or contract exists, but the requirement exceeds the implemented local fidelity or qualification scope.",QP1/WQ2/AW1/WP1_SINGLE,T2_HIGH_FIDELITY,MATERIALIZATION_READINESS;PRESENTATION_REGRESSION;AUTONOMOUS_HISTORY,10_MATERIALIZATION_AUTHORITY/136_RCPW_10_R07_MATERIALIZATION_HAS_EXPLICIT_READINESS_LEVELS_SEPARATING_VISUALLY_PRESENT_PHYSICALLY_.md,vm/world/evidence/remediation_315/RCPW-10-R07.json,OPERATIONAL
137,RCPW-10-R08,10,Materialization Authority,"Interaction is gated until authoritative collision, ownership, and gameplay state are valid.",PARTIAL,Requirement was applied to the design/traceability ledger but lacks a direct executable proof specific enough for OPERATIONAL status.,QP1/WQ2/AW1/WP1_SINGLE,T1_DIRECT_PROOF,TRANSACTION_CONCURRENCY;AUTONOMOUS_HISTORY,10_MATERIALIZATION_AUTHORITY/137_RCPW_10_R08_INTERACTION_IS_GATED_UNTIL_AUTHORITATIVE_COLLISION_OWNERSHIP_AND_GAMEPLAY_STATE_ARE_V.md,vm/world/evidence/remediation_315/RCPW-10-R08.json,OPERATIONAL
138,RCPW-10-R09,10,Materialization Authority,Prewarm cancellation releases resources without losing canonical state or leaving orphan handles.,PARTIAL,Requirement was applied to the design/traceability ledger but lacks a direct executable proof specific enough for OPERATIONAL status.,QP1/WQ2/AW1/WP1_SINGLE,T1_DIRECT_PROOF,ECOLOGY_CONSERVATION;MATERIALIZATION_READINESS;RESOURCE_STRESS,10_MATERIALIZATION_AUTHORITY/138_RCPW_10_R09_PREWARM_CANCELLATION_RELEASES_RESOURCES_WITHOUT_LOSING_CANONICAL_STATE_OR_LEAVING_ORP.md,vm/world/evidence/remediation_315/RCPW-10-R09.json,OPERATIONAL
139,RCPW-10-R11,10,Materialization Authority,"Materialization supports exterior/interior/portal transitions, including prewarming of destination geometry, navigation, physics, audio, and interaction state.",PARTIAL,"A bounded hosted reference mechanism or contract exists, but the requirement exceeds the implemented local fidelity or qualification scope.",QP1/WQ2/AW1/WP1_SINGLE,T2_HIGH_FIDELITY,MATERIALIZATION_READINESS;PRESENTATION_REGRESSION;TRAVERSAL_PORTAL;AUTONOMOUS_HISTORY,10_MATERIALIZATION_AUTHORITY/139_RCPW_10_R11_MATERIALIZATION_SUPPORTS_EXTERIOR_INTERIOR_PORTAL_TRANSITIONS_INCLUDING_PREWARMING_OF.md,vm/world/evidence/remediation_315/RCPW-10-R11.json,OPERATIONAL
140,RCPW-10-R12,10,Materialization Authority,"Animation pose, ragdoll/physics warm-start, vehicle suspension, and moving-platform state reconstruct without a visible first-frame discontinuity.",PARTIAL,"A bounded hosted reference mechanism or contract exists, but the requirement exceeds the implemented local fidelity or qualification scope.",QP1/WQ2/AW1/WP1_SINGLE,T2_HIGH_FIDELITY,FOLD_PROPERTY;MATERIALIZATION_READINESS;PRESENTATION_REGRESSION;TRAVERSAL_PORTAL,10_MATERIALIZATION_AUTHORITY/140_RCPW_10_R12_ANIMATION_POSE_RAGDOLL_PHYSICS_WARM_START_VEHICLE_SUSPENSION_AND_MOVING_PLATFORM_STAT.md,vm/world/evidence/remediation_315/RCPW-10-R12.json,OPERATIONAL
141,RCPW-10-R13,10,Materialization Authority,Navigation and collision readiness are mandatory before an entity becomes interactable.,PARTIAL,"A bounded hosted reference mechanism or contract exists, but the requirement exceeds the implemented local fidelity or qualification scope.",QP1/WQ2/AW1/WP1_SINGLE,T2_HIGH_FIDELITY,IDENTITY_PERSISTENCE;MATERIALIZATION_READINESS;AUTONOMOUS_HISTORY,10_MATERIALIZATION_AUTHORITY/141_RCPW_10_R13_NAVIGATION_AND_COLLISION_READINESS_ARE_MANDATORY_BEFORE_AN_ENTITY_BECOMES_INTERACTABL.md,vm/world/evidence/remediation_315/RCPW-10-R13.json,OPERATIONAL
142,RCPW-10-R15,10,Materialization Authority,"Materialization is driven by an explicit dependency graph covering geometry, collision, navigation, AI, animation, audio, inventory, interaction, and event bindings.",PARTIAL,"A bounded hosted reference mechanism or contract exists, but the requirement exceeds the implemented local fidelity or qualification scope.",QP1/WQ2/AW1/WP1_SINGLE,T2_HIGH_FIDELITY,CAUSAL_REPLAY;ECONOMY_CONSERVATION;MATERIALIZATION_READINESS;PRESENTATION_REGRESSION;AUTONOMOUS_HISTORY,10_MATERIALIZATION_AUTHORITY/142_RCPW_10_R15_MATERIALIZATION_IS_DRIVEN_BY_AN_EXPLICIT_DEPENDENCY_GRAPH_COVERING_GEOMETRY_COLLISION.md,vm/world/evidence/remediation_315/RCPW-10-R15.json,OPERATIONAL
143,RCPW-10-R16,10,Materialization Authority,Partial readiness is machine-readable and interaction is permitted only when the required dependency subset is authoritative and ready.,PARTIAL,Requirement was applied to the design/traceability ledger but lacks a direct executable proof specific enough for OPERATIONAL status.,QP1/WQ2/AW1/WP1_SINGLE,T1_DIRECT_PROOF,MATERIALIZATION_READINESS;AUTONOMOUS_HISTORY,10_MATERIALIZATION_AUTHORITY/143_RCPW_10_R16_PARTIAL_READINESS_IS_MACHINE_READABLE_AND_INTERACTION_IS_PERMITTED_ONLY_WHEN_THE_REQU.md,vm/world/evidence/remediation_315/RCPW-10-R16.json,OPERATIONAL
144,RCPW-10-R17,10,Materialization Authority,"Materialization supports deterministic warm-start of moving actors/vehicles from canonical route phase, velocity, animation, and physics state.",PARTIAL,"A bounded hosted reference mechanism or contract exists, but the requirement exceeds the implemented local fidelity or qualification scope.",QP1/WQ2/AW1/WP1_SINGLE,T2_HIGH_FIDELITY,MATERIALIZATION_READINESS;TRAVERSAL_PORTAL,10_MATERIALIZATION_AUTHORITY/144_RCPW_10_R17_MATERIALIZATION_SUPPORTS_DETERMINISTIC_WARM_START_OF_MOVING_ACTORS_VEHICLES_FROM_CANO.md,vm/world/evidence/remediation_315/RCPW-10-R17.json,OPERATIONAL
145,RCPW-10-R18,10,Materialization Authority,Cancellation and eviction release derived resources in dependency-safe order while preserving canonical state and unresolved obligations.,PARTIAL,Requirement was applied to the design/traceability ledger but lacks a direct executable proof specific enough for OPERATIONAL status.,QP1/WQ2/AW1/WP1_SINGLE,T1_DIRECT_PROOF,ECOLOGY_CONSERVATION;RESOURCE_STRESS,10_MATERIALIZATION_AUTHORITY/145_RCPW_10_R18_CANCELLATION_AND_EVICTION_RELEASE_DERIVED_RESOURCES_IN_DEPENDENCY_SAFE_ORDER_WHILE_PR.md,vm/world/evidence/remediation_315/RCPW-10-R18.json,OPERATIONAL
146,RCPW-10-R19,10,Materialization Authority,"Content-scale qualification measures p50/p95/p99 materialization latency, backlog recovery time, memory burst, I/O burst, and missed interaction deadlines.",PARTIAL,"A bounded hosted reference mechanism or contract exists, but the requirement exceeds the implemented local fidelity or qualification scope.",QP1/WQ2/AW1/WP1_SINGLE,T2_HIGH_FIDELITY,MATERIALIZATION_READINESS;SAVE_RECOVERY;RESOURCE_STRESS;AUTONOMOUS_HISTORY;SCALE_SOAK,10_MATERIALIZATION_AUTHORITY/146_RCPW_10_R19_CONTENT_SCALE_QUALIFICATION_MEASURES_P50_P95_P99_MATERIALIZATION_LATENCY_BACKLOG_RECO.md,vm/world/evidence/remediation_315/RCPW-10-R19.json,OPERATIONAL
147,RCPW-10-R22,10,Materialization Authority,Derived asset streaming failure cannot cause canonical entity deletion or ownership transfer.,PARTIAL,Requirement was applied to the design/traceability ledger but lacks a direct executable proof specific enough for OPERATIONAL status.,QP1/WQ2/AW1/WP1_SINGLE,T1_DIRECT_PROOF,TRANSACTION_CONCURRENCY;IDENTITY_PERSISTENCE;MATERIALIZATION_READINESS,10_MATERIALIZATION_AUTHORITY/147_RCPW_10_R22_DERIVED_ASSET_STREAMING_FAILURE_CANNOT_CAUSE_CANONICAL_ENTITY_DELETION_OR_OWNERSHIP_T.md,vm/world/evidence/remediation_315/RCPW-10-R22.json,OPERATIONAL
148,RCPW-10-R25,10,Materialization Authority,"Materialization can reconstruct temporally evolved settlements, infrastructure, agents, ecology, weather context, and visible historical evidence from long-horizon canonical state.",PARTIAL,"A bounded hosted reference mechanism or contract exists, but the requirement exceeds the implemented local fidelity or qualification scope.",QP1/WQ2/AW1/WP1_SINGLE,T2_HIGH_FIDELITY,FOLD_PROPERTY;ECOLOGY_CONSERVATION;ECONOMY_CONSERVATION;MATERIALIZATION_READINESS,10_MATERIALIZATION_AUTHORITY/148_RCPW_10_R25_MATERIALIZATION_CAN_RECONSTRUCT_TEMPORALLY_EVOLVED_SETTLEMENTS_INFRASTRUCTURE_AGENTS_.md,vm/world/evidence/remediation_315/RCPW-10-R25.json,OPERATIONAL
149,RCPW-11-R01,11,Visibility / Rendering Authority,Render visibility is never used as persistent existence authority.,PARTIAL,"A bounded hosted reference mechanism or contract exists, but the requirement exceeds the implemented local fidelity or qualification scope.",QP1/WQ2/AW1/WP1_SINGLE,T2_HIGH_FIDELITY,IDENTITY_PERSISTENCE;PRESENTATION_REGRESSION,11_VISIBILITY_RENDERING_AUTHORITY/149_RCPW_11_R01_RENDER_VISIBILITY_IS_NEVER_USED_AS_PERSISTENT_EXISTENCE_AUTHORITY.md,vm/world/evidence/remediation_315/RCPW-11-R01.json,OPERATIONAL
150,RCPW-11-R02,11,Visibility / Rendering Authority,"Folded rendering is coherent with canonical direction, landmarks, routes, and horizon semantics.",PARTIAL,"A bounded hosted reference mechanism or contract exists, but the requirement exceeds the implemented local fidelity or qualification scope.",QP1/WQ2/AW1/WP1_SINGLE,T2_HIGH_FIDELITY,FOLD_PROPERTY;PRESENTATION_REGRESSION;TRAVERSAL_PORTAL,11_VISIBILITY_RENDERING_AUTHORITY/150_RCPW_11_R02_FOLDED_RENDERING_IS_COHERENT_WITH_CANONICAL_DIRECTION_LANDMARKS_ROUTES_AND_HORIZON_SE.md,vm/world/evidence/remediation_315/RCPW-11-R02.json,OPERATIONAL
151,RCPW-11-R03,11,Visibility / Rendering Authority,Temporal transitions are stable and free of visible popping/jitter within declared thresholds.,PARTIAL,Requirement was applied to the design/traceability ledger but lacks a direct executable proof specific enough for OPERATIONAL status.,QP1/WQ2/AW1/WP1_SINGLE,T1_DIRECT_PROOF,DIRECT_EXECUTABLE_PROOF,11_VISIBILITY_RENDERING_AUTHORITY/151_RCPW_11_R03_TEMPORAL_TRANSITIONS_ARE_STABLE_AND_FREE_OF_VISIBLE_POPPING_JITTER_WITHIN_DECLARED_TH.md,vm/world/evidence/remediation_315/RCPW-11-R03.json,OPERATIONAL
152,RCPW-11-R04,11,Visibility / Rendering Authority,Rendering overload sheds visual quality before simulation authority.,PARTIAL,"A bounded hosted reference mechanism or contract exists, but the requirement exceeds the implemented local fidelity or qualification scope.",QP1/WQ2/AW1/WP1_SINGLE,T2_HIGH_FIDELITY,PRESENTATION_REGRESSION;RESOURCE_STRESS,11_VISIBILITY_RENDERING_AUTHORITY/152_RCPW_11_R04_RENDERING_OVERLOAD_SHEDS_VISUAL_QUALITY_BEFORE_SIMULATION_AUTHORITY.md,vm/world/evidence/remediation_315/RCPW-11-R04.json,OPERATIONAL
153,RCPW-11-R05,11,Visibility / Rendering Authority,"Long-distance silhouettes, lighting, atmospheric effects, shadows/reflections, and audio landmarks have declared fidelity policies.",PARTIAL,"A bounded hosted reference mechanism or contract exists, but the requirement exceeds the implemented local fidelity or qualification scope.",QP1/WQ2/AW1/WP1_SINGLE,T2_HIGH_FIDELITY,LOD_TRANSITION;PRESENTATION_REGRESSION,11_VISIBILITY_RENDERING_AUTHORITY/153_RCPW_11_R05_LONG_DISTANCE_SILHOUETTES_LIGHTING_ATMOSPHERIC_EFFECTS_SHADOWS_REFLECTIONS_AND_AUDIO_.md,vm/world/evidence/remediation_315/RCPW-11-R05.json,OPERATIONAL
154,RCPW-11-R07,11,Visibility / Rendering Authority,"Rendering exposes a fold-artifact detector for scale discontinuity, horizon inversion, repeated landmarks, and topology leaks.",PARTIAL,"A bounded hosted reference mechanism or contract exists, but the requirement exceeds the implemented local fidelity or qualification scope.",QP1/WQ2/AW1/WP1_SINGLE,T2_HIGH_FIDELITY,VERSION_MIGRATION;FOLD_PROPERTY;PRESENTATION_REGRESSION;SCALE_SOAK,11_VISIBILITY_RENDERING_AUTHORITY/154_RCPW_11_R07_RENDERING_EXPOSES_A_FOLD_ARTIFACT_DETECTOR_FOR_SCALE_DISCONTINUITY_HORIZON_INVERSION_.md,vm/world/evidence/remediation_315/RCPW-11-R07.json,OPERATIONAL
155,RCPW-11-R09,11,Visibility / Rendering Authority,Render culling cannot suppress simulation events or event ledger emission.,PARTIAL,"A bounded hosted reference mechanism or contract exists, but the requirement exceeds the implemented local fidelity or qualification scope.",QP1/WQ2/AW1/WP1_SINGLE,T2_HIGH_FIDELITY,CAUSAL_REPLAY;NARRATIVE_KNOWLEDGE;PRESENTATION_REGRESSION,11_VISIBILITY_RENDERING_AUTHORITY/155_RCPW_11_R09_RENDER_CULLING_CANNOT_SUPPRESS_SIMULATION_EVENTS_OR_EVENT_LEDGER_EMISSION.md,vm/world/evidence/remediation_315/RCPW-11-R09.json,OPERATIONAL
156,RCPW-11-R10,11,Visibility / Rendering Authority,"Quality degradation is ordered and measurable, with simulation truth protected above visual fidelity.",PARTIAL,"A bounded hosted reference mechanism or contract exists, but the requirement exceeds the implemented local fidelity or qualification scope.",QP1/WQ2/AW1/WP1_SINGLE,T2_HIGH_FIDELITY,LOD_TRANSITION;PRESENTATION_REGRESSION,11_VISIBILITY_RENDERING_AUTHORITY/156_RCPW_11_R10_QUALITY_DEGRADATION_IS_ORDERED_AND_MEASURABLE_WITH_SIMULATION_TRUTH_PROTECTED_ABOVE_V.md,vm/world/evidence/remediation_315/RCPW-11-R10.json,OPERATIONAL
157,RCPW-11-R11,11,Visibility / Rendering Authority,Visibility uses fold-aware hierarchical occlusion while acoustics uses canonical propagation rules or an explicitly qualified approximation.,PARTIAL,"A bounded hosted reference mechanism or contract exists, but the requirement exceeds the implemented local fidelity or qualification scope.",QP1/WQ2/AW1/WP1_SINGLE,T2_HIGH_FIDELITY,FOLD_PROPERTY;PRESENTATION_REGRESSION;AUTONOMOUS_HISTORY,11_VISIBILITY_RENDERING_AUTHORITY/157_RCPW_11_R11_VISIBILITY_USES_FOLD_AWARE_HIERARCHICAL_OCCLUSION_WHILE_ACOUSTICS_USES_CANONICAL_PROP.md,vm/world/evidence/remediation_315/RCPW-11-R11.json,OPERATIONAL
158,RCPW-11-R12,11,Visibility / Rendering Authority,"Weather, fog, smoke, cloud cover, night lighting, and atmospheric perspective may mask streaming but cannot become correctness dependencies.",PARTIAL,Requirement was applied to the design/traceability ledger but lacks a direct executable proof specific enough for OPERATIONAL status.,QP1/WQ2/AW1/WP1_SINGLE,T1_DIRECT_PROOF,DIRECT_EXECUTABLE_PROOF,11_VISIBILITY_RENDERING_AUTHORITY/158_RCPW_11_R12_WEATHER_FOG_SMOKE_CLOUD_COVER_NIGHT_LIGHTING_AND_ATMOSPHERIC_PERSPECTIVE_MAY_MASK_STR.md,vm/world/evidence/remediation_315/RCPW-11-R12.json,OPERATIONAL
159,RCPW-11-R13,11,Visibility / Rendering Authority,"Temporal rendering history is invalidated or transformed correctly when fold parameters, reference origins, portals, or shell representations change.",PARTIAL,"A bounded hosted reference mechanism or contract exists, but the requirement exceeds the implemented local fidelity or qualification scope.",QP1/WQ2/AW1/WP1_SINGLE,T2_HIGH_FIDELITY,REFERENCE_PRECISION;FOLD_PROPERTY;LOD_TRANSITION;CAUSAL_REPLAY;NARRATIVE_KNOWLEDGE;PRESENTATION_REGRESSION;RESOURCE_STRESS;TRAVERSAL_PORTAL,11_VISIBILITY_RENDERING_AUTHORITY/159_RCPW_11_R13_TEMPORAL_RENDERING_HISTORY_IS_INVALIDATED_OR_TRANSFORMED_CORRECTLY_WHEN_FOLD_PARAMETE.md,vm/world/evidence/remediation_315/RCPW-11-R13.json,OPERATIONAL
160,RCPW-11-R15,11,Visibility / Rendering Authority,"Visibility/rendering consumes a world-compiler-produced hierarchy of regions, visibility cells, portals, landmarks, and fold-safe representation tiers.",PARTIAL,"A bounded hosted reference mechanism or contract exists, but the requirement exceeds the implemented local fidelity or qualification scope.",QP1/WQ2/AW1/WP1_SINGLE,T2_HIGH_FIDELITY,FOLD_PROPERTY;LOD_TRANSITION;PRESENTATION_REGRESSION;TRAVERSAL_PORTAL;AUTONOMOUS_HISTORY,11_VISIBILITY_RENDERING_AUTHORITY/160_RCPW_11_R15_VISIBILITY_RENDERING_CONSUMES_A_WORLD_COMPILER_PRODUCED_HIERARCHY_OF_REGIONS_VISIBILI.md,vm/world/evidence/remediation_315/RCPW-11-R15.json,OPERATIONAL
161,RCPW-11-R16,11,Visibility / Rendering Authority,Rendering and audio use separate fidelity/budget policies while sharing canonical identity and event timing.,PARTIAL,"A bounded hosted reference mechanism or contract exists, but the requirement exceeds the implemented local fidelity or qualification scope.",QP1/WQ2/AW1/WP1_SINGLE,T2_HIGH_FIDELITY,LOD_TRANSITION;IDENTITY_PERSISTENCE;CAUSAL_REPLAY;PRESENTATION_REGRESSION;RESOURCE_STRESS,11_VISIBILITY_RENDERING_AUTHORITY/161_RCPW_11_R16_RENDERING_AND_AUDIO_USE_SEPARATE_FIDELITY_BUDGET_POLICIES_WHILE_SHARING_CANONICAL_IDE.md,vm/world/evidence/remediation_315/RCPW-11-R16.json,OPERATIONAL
162,RCPW-11-R17,11,Visibility / Rendering Authority,"Temporal effects have explicit reset/reprojection rules for portal transitions, fold-parameter changes, origin rebases, teleports, and moving-frame handoffs.",PARTIAL,"A bounded hosted reference mechanism or contract exists, but the requirement exceeds the implemented local fidelity or qualification scope.",QP1/WQ2/AW1/WP1_SINGLE,T2_HIGH_FIDELITY,FOLD_PROPERTY;PRESENTATION_REGRESSION;TRAVERSAL_PORTAL,11_VISIBILITY_RENDERING_AUTHORITY/162_RCPW_11_R17_TEMPORAL_EFFECTS_HAVE_EXPLICIT_RESET_REPROJECTION_RULES_FOR_PORTAL_TRANSITIONS_FOLD_P.md,vm/world/evidence/remediation_315/RCPW-11-R17.json,OPERATIONAL
163,RCPW-11-R18,11,Visibility / Rendering Authority,Visual landmark substitution at extreme fold distance records canonical identity so materialization cannot swap one landmark for another.,PARTIAL,"A bounded hosted reference mechanism or contract exists, but the requirement exceeds the implemented local fidelity or qualification scope.",QP1/WQ2/AW1/WP1_SINGLE,T2_HIGH_FIDELITY,FOLD_PROPERTY;IDENTITY_PERSISTENCE;MATERIALIZATION_READINESS;PRESENTATION_REGRESSION,11_VISIBILITY_RENDERING_AUTHORITY/163_RCPW_11_R18_VISUAL_LANDMARK_SUBSTITUTION_AT_EXTREME_FOLD_DISTANCE_RECORDS_CANONICAL_IDENTITY_SO_M.md,vm/world/evidence/remediation_315/RCPW-11-R18.json,OPERATIONAL
164,RCPW-11-R19,11,Visibility / Rendering Authority,"Qualification includes automated image/telemetry comparison for seam popping, landmark duplication, horizon inversion, temporal ghosting, and frame-time spikes.",PARTIAL,Requirement was applied to the design/traceability ledger but lacks a direct executable proof specific enough for OPERATIONAL status.,QP1/WQ2/AW1/WP1_SINGLE,T2_HIGH_FIDELITY,VERSION_MIGRATION;FOLD_PROPERTY;PRESENTATION_REGRESSION,11_VISIBILITY_RENDERING_AUTHORITY/164_RCPW_11_R19_QUALIFICATION_INCLUDES_AUTOMATED_IMAGE_TELEMETRY_COMPARISON_FOR_SEAM_POPPING_LANDMARK.md,vm/world/evidence/remediation_315/RCPW-11-R19.json,OPERATIONAL
165,RCPW-11-R20,11,Visibility / Rendering Authority,Rendering consumes immutable per-frame world-view snapshots or equivalent coherent views so parallel canonical updates cannot tear a visible frame.,PARTIAL,"A bounded hosted reference mechanism or contract exists, but the requirement exceeds the implemented local fidelity or qualification scope.",QP1/WQ2/AW1/WP1_SINGLE,T3_FABRIC,PRESENTATION_REGRESSION;MULTI_WORKER_CONFORMANCE,11_VISIBILITY_RENDERING_AUTHORITY/165_RCPW_11_R20_RENDERING_CONSUMES_IMMUTABLE_PER_FRAME_WORLD_VIEW_SNAPSHOTS_OR_EQUIVALENT_COHERENT_VI.md,vm/world/evidence/remediation_315/RCPW-11-R20.json,OPERATIONAL
166,RCPW-11-R21,11,Visibility / Rendering Authority,"Render workers may be decoupled from simulation workers, but presentation lag is measured and cannot be mistaken for canonical state.",PARTIAL,"A bounded hosted reference mechanism or contract exists, but the requirement exceeds the implemented local fidelity or qualification scope.",QP1/WQ2/AW1/WP1_SINGLE,T3_FABRIC,PRESENTATION_REGRESSION;MULTI_WORKER_CONFORMANCE,11_VISIBILITY_RENDERING_AUTHORITY/166_RCPW_11_R21_RENDER_WORKERS_MAY_BE_DECOUPLED_FROM_SIMULATION_WORKERS_BUT_PRESENTATION_LAG_IS_MEASU.md,vm/world/evidence/remediation_315/RCPW-11-R21.json,OPERATIONAL
167,RCPW-11-R22,11,Visibility / Rendering Authority,Fold/LOD/reference metadata carried into rendering is version stamped so mixed-frame state is detected.,PARTIAL,"A bounded hosted reference mechanism or contract exists, but the requirement exceeds the implemented local fidelity or qualification scope.",QP1/WQ2/AW1/WP1_SINGLE,T2_HIGH_FIDELITY,VERSION_MIGRATION;REFERENCE_PRECISION;FOLD_PROPERTY;LOD_TRANSITION;PRESENTATION_REGRESSION,11_VISIBILITY_RENDERING_AUTHORITY/167_RCPW_11_R22_FOLD_LOD_REFERENCE_METADATA_CARRIED_INTO_RENDERING_IS_VERSION_STAMPED_SO_MIXED_FRAME_.md,vm/world/evidence/remediation_315/RCPW-11-R22.json,OPERATIONAL
168,RCPW-11-R23,11,Visibility / Rendering Authority,Asset/visual hot reload supports transactional frame-boundary activation and rollback without changing canonical identity.,PARTIAL,"A bounded hosted reference mechanism or contract exists, but the requirement exceeds the implemented local fidelity or qualification scope.",QP1/WQ2/AW1/WP1_SINGLE,T2_HIGH_FIDELITY,VERSION_MIGRATION;TRANSACTION_CONCURRENCY;IDENTITY_PERSISTENCE;MATERIALIZATION_READINESS;PRESENTATION_REGRESSION,11_VISIBILITY_RENDERING_AUTHORITY/168_RCPW_11_R23_ASSET_VISUAL_HOT_RELOAD_SUPPORTS_TRANSACTIONAL_FRAME_BOUNDARY_ACTIVATION_AND_ROLLBACK.md,vm/world/evidence/remediation_315/RCPW-11-R23.json,OPERATIONAL
169,RCPW-11-R24,11,Visibility / Rendering Authority,"Rendering qualification includes worker restart, asset version rollback, fold-policy change, origin rebase, portal crossing, and presentation backlog.",PARTIAL,"A bounded hosted reference mechanism or contract exists, but the requirement exceeds the implemented local fidelity or qualification scope.",QP1/WQ2/AW1/WP1_SINGLE,T3_FABRIC,VERSION_MIGRATION;FOLD_PROPERTY;MATERIALIZATION_READINESS;PRESENTATION_REGRESSION;RESOURCE_STRESS;MULTI_WORKER_CONFORMANCE;TRAVERSAL_PORTAL,11_VISIBILITY_RENDERING_AUTHORITY/169_RCPW_11_R24_RENDERING_QUALIFICATION_INCLUDES_WORKER_RESTART_ASSET_VERSION_ROLLBACK_FOLD_POLICY_CH.md,vm/world/evidence/remediation_315/RCPW-11-R24.json,OPERATIONAL
170,RCPW-11-R25,11,Visibility / Rendering Authority,Visibility/rendering represents world age and historical change through canonical condition/state rather than static content assumptions.,PARTIAL,"A bounded hosted reference mechanism or contract exists, but the requirement exceeds the implemented local fidelity or qualification scope.",QP1/WQ2/AW1/WP1_SINGLE,T2_HIGH_FIDELITY,PRESENTATION_REGRESSION;AUTONOMOUS_HISTORY,11_VISIBILITY_RENDERING_AUTHORITY/170_RCPW_11_R25_VISIBILITY_RENDERING_REPRESENTS_WORLD_AGE_AND_HISTORICAL_CHANGE_THROUGH_CANONICAL_CON.md,vm/world/evidence/remediation_315/RCPW-11-R25.json,OPERATIONAL
171,RCPW-11-R26,11,Visibility / Rendering Authority,Folded horizon rendering can summarize newly expanded world extent without exposing undefined or not-yet-canonical geography as interactable fact.,PARTIAL,"A bounded hosted reference mechanism or contract exists, but the requirement exceeds the implemented local fidelity or qualification scope.",QP1/WQ2/AW1/WP1_SINGLE,T2_HIGH_FIDELITY,FOLD_PROPERTY;MATERIALIZATION_READINESS;PRESENTATION_REGRESSION;AUTONOMOUS_HISTORY,11_VISIBILITY_RENDERING_AUTHORITY/171_RCPW_11_R26_FOLDED_HORIZON_RENDERING_CAN_SUMMARIZE_NEWLY_EXPANDED_WORLD_EXTENT_WITHOUT_EXPOSING_U.md,vm/world/evidence/remediation_315/RCPW-11-R26.json,OPERATIONAL
172,RCPW-11-R27,11,Visibility / Rendering Authority,Long-distance landmark replacement reflects canonical construction/destruction/abandonment history and never resurrects obsolete landmarks from stale caches.,PARTIAL,Requirement was applied to the design/traceability ledger but lacks a direct executable proof specific enough for OPERATIONAL status.,QP1/WQ2/AW1/WP1_SINGLE,T1_DIRECT_PROOF,TRANSACTION_CONCURRENCY;CAUSAL_REPLAY;NARRATIVE_KNOWLEDGE,11_VISIBILITY_RENDERING_AUTHORITY/172_RCPW_11_R27_LONG_DISTANCE_LANDMARK_REPLACEMENT_REFLECTS_CANONICAL_CONSTRUCTION_DESTRUCTION_ABANDO.md,vm/world/evidence/remediation_315/RCPW-11-R27.json,OPERATIONAL
173,RCPW-11-R28,11,Visibility / Rendering Authority,"Historical presentation layers such as weathering, vegetation succession, infrastructure decay, and settlement growth remain derived from authoritative state/provenance.",PARTIAL,"A bounded hosted reference mechanism or contract exists, but the requirement exceeds the implemented local fidelity or qualification scope.",QP1/WQ2/AW1/WP1_SINGLE,T2_HIGH_FIDELITY,ECONOMY_CONSERVATION;AUTONOMOUS_HISTORY,11_VISIBILITY_RENDERING_AUTHORITY/173_RCPW_11_R28_HISTORICAL_PRESENTATION_LAYERS_SUCH_AS_WEATHERING_VEGETATION_SUCCESSION_INFRASTRUCTUR.md,vm/world/evidence/remediation_315/RCPW-11-R28.json,OPERATIONAL
174,RCPW-11-R29,11,Visibility / Rendering Authority,"Qualification compares pre/post-era visual state, expansion-horizon continuity, archive rehydration, and stale-cache rejection.",PARTIAL,"A bounded hosted reference mechanism or contract exists, but the requirement exceeds the implemented local fidelity or qualification scope.",QP1/WQ2/AW1/WP1_SINGLE,T2_HIGH_FIDELITY,TRANSACTION_CONCURRENCY;FOLD_PROPERTY;PRESENTATION_REGRESSION;AUTONOMOUS_HISTORY,11_VISIBILITY_RENDERING_AUTHORITY/174_RCPW_11_R29_QUALIFICATION_COMPARES_PRE_POST_ERA_VISUAL_STATE_EXPANSION_HORIZON_CONTINUITY_ARCHIVE.md,vm/world/evidence/remediation_315/RCPW-11-R29.json,OPERATIONAL
175,RCPW-12-R01,12,Save / Replay Authority,"Save state is canonical authority plus ledger/checkpoint metadata, not transient reference/render state.",PARTIAL,"A bounded hosted reference mechanism or contract exists, but the requirement exceeds the implemented local fidelity or qualification scope.",QP1/WQ2/AW1/WP1_SINGLE,T2_HIGH_FIDELITY,REFERENCE_PRECISION;CAUSAL_REPLAY;PRESENTATION_REGRESSION;SAVE_RECOVERY,12_SAVE_REPLAY_AUTHORITY/175_RCPW_12_R01_SAVE_STATE_IS_CANONICAL_AUTHORITY_PLUS_LEDGER_CHECKPOINT_METADATA_NOT_TRANSIENT_REFER.md,vm/world/evidence/remediation_315/RCPW-12-R01.json,OPERATIONAL
176,RCPW-12-R04,12,Save / Replay Authority,Incremental checkpoints bound recovery time for large worlds.,PARTIAL,Requirement was applied to the design/traceability ledger but lacks a direct executable proof specific enough for OPERATIONAL status.,QP1/WQ2/AW1/WP1_SINGLE,T1_DIRECT_PROOF,SAVE_RECOVERY,12_SAVE_REPLAY_AUTHORITY/176_RCPW_12_R04_INCREMENTAL_CHECKPOINTS_BOUND_RECOVERY_TIME_FOR_LARGE_WORLDS.md,vm/world/evidence/remediation_315/RCPW-12-R04.json,OPERATIONAL
177,RCPW-12-R05,12,Save / Replay Authority,Schema migrations are explicit and test backward/forward compatibility policy.,PARTIAL,Requirement was applied to the design/traceability ledger but lacks a direct executable proof specific enough for OPERATIONAL status.,QP1/WQ2/AW1/WP1_SINGLE,T1_DIRECT_PROOF,VERSION_MIGRATION,12_SAVE_REPLAY_AUTHORITY/177_RCPW_12_R05_SCHEMA_MIGRATIONS_ARE_EXPLICIT_AND_TEST_BACKWARD_FORWARD_COMPATIBILITY_POLICY.md,vm/world/evidence/remediation_315/RCPW-12-R05.json,OPERATIONAL
178,RCPW-12-R08,12,Save / Replay Authority,Load verifies dependency/schema compatibility before mutating live canonical state.,PARTIAL,Requirement was applied to the design/traceability ledger but lacks a direct executable proof specific enough for OPERATIONAL status.,QP1/WQ2/AW1/WP1_SINGLE,T1_DIRECT_PROOF,VERSION_MIGRATION,12_SAVE_REPLAY_AUTHORITY/178_RCPW_12_R08_LOAD_VERIFIES_DEPENDENCY_SCHEMA_COMPATIBILITY_BEFORE_MUTATING_LIVE_CANONICAL_STATE.md,vm/world/evidence/remediation_315/RCPW-12-R08.json,OPERATIONAL
179,RCPW-12-R12,12,Save / Replay Authority,Replay tools can seek to canonical checkpoints and verify state digests without requiring full real-time rendering.,PARTIAL,"A bounded hosted reference mechanism or contract exists, but the requirement exceeds the implemented local fidelity or qualification scope.",QP1/WQ2/AW1/WP1_SINGLE,T2_HIGH_FIDELITY,CAUSAL_REPLAY;PRESENTATION_REGRESSION;SAVE_RECOVERY,12_SAVE_REPLAY_AUTHORITY/179_RCPW_12_R12_REPLAY_TOOLS_CAN_SEEK_TO_CANONICAL_CHECKPOINTS_AND_VERIFY_STATE_DIGESTS_WITHOUT_REQUI.md,vm/world/evidence/remediation_315/RCPW-12-R12.json,OPERATIONAL
180,RCPW-12-R14,12,Save / Replay Authority,"Recovery objectives declare maximum acceptable data loss, recovery time, and checkpoint age for each qualification profile.",PARTIAL,Requirement was applied to the design/traceability ledger but lacks a direct executable proof specific enough for OPERATIONAL status.,QP1/WQ2/AW1/WP1_SINGLE,T1_DIRECT_PROOF,SAVE_RECOVERY,12_SAVE_REPLAY_AUTHORITY/180_RCPW_12_R14_RECOVERY_OBJECTIVES_DECLARE_MAXIMUM_ACCEPTABLE_DATA_LOSS_RECOVERY_TIME_AND_CHECKPOINT.md,vm/world/evidence/remediation_315/RCPW-12-R14.json,OPERATIONAL
181,RCPW-12-R17,12,Save / Replay Authority,Incremental checkpoints identify dirty canonical partitions and prove cross-partition consistency at the checkpoint barrier.,PARTIAL,Requirement was applied to the design/traceability ledger but lacks a direct executable proof specific enough for OPERATIONAL status.,QP1/WQ2/AW1/WP1_SINGLE,T3_FABRIC,SAVE_RECOVERY;MULTI_WORKER_CONFORMANCE,12_SAVE_REPLAY_AUTHORITY/181_RCPW_12_R17_INCREMENTAL_CHECKPOINTS_IDENTIFY_DIRTY_CANONICAL_PARTITIONS_AND_PROVE_CROSS_PARTITION.md,vm/world/evidence/remediation_315/RCPW-12-R17.json,OPERATIONAL
182,RCPW-12-R19,12,Save / Replay Authority,"Long-soak qualification repeatedly checkpoints, crashes, recovers, migrates, and replays while measuring recovery time and storage growth.",PARTIAL,"A bounded hosted reference mechanism or contract exists, but the requirement exceeds the implemented local fidelity or qualification scope.",QP1/WQ2/AW1/WP1_SINGLE,T2_HIGH_FIDELITY,CAUSAL_REPLAY;SAVE_RECOVERY;SCALE_SOAK,12_SAVE_REPLAY_AUTHORITY/182_RCPW_12_R19_LONG_SOAK_QUALIFICATION_REPEATEDLY_CHECKPOINTS_CRASHES_RECOVERS_MIGRATES_AND_REPLAYS_.md,vm/world/evidence/remediation_315/RCPW-12-R19.json,OPERATIONAL
183,RCPW-12-R21,12,Save / Replay Authority,Checkpoint metadata records partition membership/ownership so recovery can remap partitions without changing canonical semantics.,PARTIAL,Requirement was applied to the design/traceability ledger but lacks a direct executable proof specific enough for OPERATIONAL status.,QP1/WQ2/AW1/WP1_SINGLE,T3_FABRIC,TRANSACTION_CONCURRENCY;SAVE_RECOVERY;MULTI_WORKER_CONFORMANCE,12_SAVE_REPLAY_AUTHORITY/183_RCPW_12_R21_CHECKPOINT_METADATA_RECORDS_PARTITION_MEMBERSHIP_OWNERSHIP_SO_RECOVERY_CAN_REMAP_PART.md,vm/world/evidence/remediation_315/RCPW-12-R21.json,OPERATIONAL
184,RCPW-12-R22,12,Save / Replay Authority,Concurrent checkpoint and content-patch activation are serialized or coordinated by a declared compatibility protocol.,PARTIAL,Requirement was applied to the design/traceability ledger but lacks a direct executable proof specific enough for OPERATIONAL status.,QP1/WQ2/AW1/WP1_SINGLE,T1_DIRECT_PROOF,VERSION_MIGRATION;TRANSACTION_CONCURRENCY;REFERENCE_PRECISION;SAVE_RECOVERY,12_SAVE_REPLAY_AUTHORITY/184_RCPW_12_R22_CONCURRENT_CHECKPOINT_AND_CONTENT_PATCH_ACTIVATION_ARE_SERIALIZED_OR_COORDINATED_BY_A.md,vm/world/evidence/remediation_315/RCPW-12-R22.json,OPERATIONAL
185,RCPW-12-R23,12,Save / Replay Authority,Headless replay can recover a multi-partition save into a different worker layout and reproduce canonical checkpoint digests.,PARTIAL,"A bounded hosted reference mechanism or contract exists, but the requirement exceeds the implemented local fidelity or qualification scope.",QP1/WQ2/AW1/WP1_SINGLE,T3_FABRIC,CAUSAL_REPLAY;SAVE_RECOVERY;MULTI_WORKER_CONFORMANCE,12_SAVE_REPLAY_AUTHORITY/185_RCPW_12_R23_HEADLESS_REPLAY_CAN_RECOVER_A_MULTI_PARTITION_SAVE_INTO_A_DIFFERENT_WORKER_LAYOUT_AND.md,vm/world/evidence/remediation_315/RCPW-12-R23.json,OPERATIONAL
186,RCPW-12-R24,12,Save / Replay Authority,"Save qualification includes partial partition loss, incomplete replica, stale checkpoint fragment, remapping, migration, and repeated recovery.",PARTIAL,"A bounded hosted reference mechanism or contract exists, but the requirement exceeds the implemented local fidelity or qualification scope.",QP1/WQ2/AW1/WP1_SINGLE,T3_FABRIC,VERSION_MIGRATION;TRANSACTION_CONCURRENCY;SAVE_RECOVERY;MULTI_WORKER_CONFORMANCE,12_SAVE_REPLAY_AUTHORITY/186_RCPW_12_R24_SAVE_QUALIFICATION_INCLUDES_PARTIAL_PARTITION_LOSS_INCOMPLETE_REPLICA_STALE_CHECKPOIN.md,vm/world/evidence/remediation_315/RCPW-12-R24.json,OPERATIONAL
187,RCPW-12-R28,12,Save / Replay Authority,Replay can verify long-horizon world evolution by canonical semantic checkpoints even when detailed historical telemetry has been compacted.,PARTIAL,"A bounded hosted reference mechanism or contract exists, but the requirement exceeds the implemented local fidelity or qualification scope.",QP1/WQ2/AW1/WP1_SINGLE,T2_HIGH_FIDELITY,FOLD_PROPERTY;CAUSAL_REPLAY;SAVE_RECOVERY,12_SAVE_REPLAY_AUTHORITY/187_RCPW_12_R28_REPLAY_CAN_VERIFY_LONG_HORIZON_WORLD_EVOLUTION_BY_CANONICAL_SEMANTIC_CHECKPOINTS_EVEN.md,vm/world/evidence/remediation_315/RCPW-12-R28.json,OPERATIONAL
188,RCPW-12-R29,12,Save / Replay Authority,"Qualification includes ancient-save migration, world expansion after save, archival restoration, generational state, and headless multi-era replay.",PARTIAL,"A bounded hosted reference mechanism or contract exists, but the requirement exceeds the implemented local fidelity or qualification scope.",QP1/WQ2/AW1/WP1_SINGLE,T2_HIGH_FIDELITY,VERSION_MIGRATION;CAUSAL_REPLAY;SAVE_RECOVERY;AUTONOMOUS_HISTORY,12_SAVE_REPLAY_AUTHORITY/188_RCPW_12_R29_QUALIFICATION_INCLUDES_ANCIENT_SAVE_MIGRATION_WORLD_EXPANSION_AFTER_SAVE_ARCHIVAL_RES.md,vm/world/evidence/remediation_315/RCPW-12-R29.json,OPERATIONAL
189,RCPW-13-R12,13,Reference-Centric World Shells,"Shell adaptation considers world-content complexity, expected interaction density, portal/interior proximity, and materialization backlog in addition to distance and speed.",PARTIAL,"A bounded hosted reference mechanism or contract exists, but the requirement exceeds the implemented local fidelity or qualification scope.",QP1/WQ2/AW1/WP1_SINGLE,T2_HIGH_FIDELITY,MATERIALIZATION_READINESS;RESOURCE_STRESS;TRAVERSAL_PORTAL;AUTONOMOUS_HISTORY,13_REFERENCE_CENTRIC_WORLD_SHELLS/189_RCPW_13_R12_SHELL_ADAPTATION_CONSIDERS_WORLD_CONTENT_COMPLEXITY_EXPECTED_INTERACTION_DENSITY_PORT.md,vm/world/evidence/remediation_315/RCPW-13-R12.json,OPERATIONAL
190,RCPW-13-R13,13,Reference-Centric World Shells,Nested interior/portal spaces have explicit shell ownership and do not accidentally inherit exterior fold distortion.,PARTIAL,"A bounded hosted reference mechanism or contract exists, but the requirement exceeds the implemented local fidelity or qualification scope.",QP1/WQ2/AW1/WP1_SINGLE,T2_HIGH_FIDELITY,TRANSACTION_CONCURRENCY;FOLD_PROPERTY;RESOURCE_STRESS;TRAVERSAL_PORTAL,13_REFERENCE_CENTRIC_WORLD_SHELLS/190_RCPW_13_R13_NESTED_INTERIOR_PORTAL_SPACES_HAVE_EXPLICIT_SHELL_OWNERSHIP_AND_DO_NOT_ACCIDENTALLY_I.md,vm/world/evidence/remediation_315/RCPW-13-R13.json,OPERATIONAL
191,RCPW-13-R15,13,Reference-Centric World Shells,"Reference-centric shells are emitted from or validated against world-compiler metadata for content density, portal complexity, route complexity, and expected materialization cost.",PARTIAL,"A bounded hosted reference mechanism or contract exists, but the requirement exceeds the implemented local fidelity or qualification scope.",QP1/WQ2/AW1/WP1_SINGLE,T2_HIGH_FIDELITY,REFERENCE_PRECISION;MATERIALIZATION_READINESS;RESOURCE_STRESS;TRAVERSAL_PORTAL,13_REFERENCE_CENTRIC_WORLD_SHELLS/191_RCPW_13_R15_REFERENCE_CENTRIC_SHELLS_ARE_EMITTED_FROM_OR_VALIDATED_AGAINST_WORLD_COMPILER_METADAT.md,vm/world/evidence/remediation_315/RCPW-13-R15.json,OPERATIONAL
192,RCPW-13-R16,13,Reference-Centric World Shells,"Shell policies reserve dedicated capacity for portals/interiors, moving transport, combat/event barriers, and recovery operations.",PARTIAL,"A bounded hosted reference mechanism or contract exists, but the requirement exceeds the implemented local fidelity or qualification scope.",QP1/WQ2/AW1/WP1_SINGLE,T2_HIGH_FIDELITY,CAUSAL_REPLAY;ECONOMY_CONSERVATION;SAVE_RECOVERY;RESOURCE_STRESS;TRAVERSAL_PORTAL;AUTONOMOUS_HISTORY;SCALE_SOAK,13_REFERENCE_CENTRIC_WORLD_SHELLS/192_RCPW_13_R16_SHELL_POLICIES_RESERVE_DEDICATED_CAPACITY_FOR_PORTALS_INTERIORS_MOVING_TRANSPORT_COMB.md,vm/world/evidence/remediation_315/RCPW-13-R16.json,OPERATIONAL
193,RCPW-13-R19,13,Reference-Centric World Shells,"Shell qualification includes dense city, sparse wilderness, underground/interior, transport corridor, and rapid oscillation profiles.",PARTIAL,"A bounded hosted reference mechanism or contract exists, but the requirement exceeds the implemented local fidelity or qualification scope.",QP1/WQ2/AW1/WP1_SINGLE,T2_HIGH_FIDELITY,ECONOMY_CONSERVATION;RESOURCE_STRESS,13_REFERENCE_CENTRIC_WORLD_SHELLS/193_RCPW_13_R19_SHELL_QUALIFICATION_INCLUDES_DENSE_CITY_SPARSE_WILDERNESS_UNDERGROUND_INTERIOR_TRANSP.md,vm/world/evidence/remediation_315/RCPW-13-R19.json,OPERATIONAL
194,RCPW-13-R20,13,Reference-Centric World Shells,World-shell scheduling can distribute shell/region workloads across workers while preserving one canonical shell/LOD decision trace.,PARTIAL,"A bounded hosted reference mechanism or contract exists, but the requirement exceeds the implemented local fidelity or qualification scope.",QP1/WQ2/AW1/WP1_SINGLE,T3_FABRIC,LOD_TRANSITION;RESOURCE_STRESS;MULTI_WORKER_CONFORMANCE,13_REFERENCE_CENTRIC_WORLD_SHELLS/194_RCPW_13_R20_WORLD_SHELL_SCHEDULING_CAN_DISTRIBUTE_SHELL_REGION_WORKLOADS_ACROSS_WORKERS_WHILE_PRE.md,vm/world/evidence/remediation_315/RCPW-13-R20.json,OPERATIONAL
195,RCPW-13-R21,13,Reference-Centric World Shells,Adaptive shell controllers consume globally coherent budget/backlog telemetry rather than inconsistent worker-local estimates for promotion decisions.,PARTIAL,"A bounded hosted reference mechanism or contract exists, but the requirement exceeds the implemented local fidelity or qualification scope.",QP1/WQ2/AW1/WP1_SINGLE,T3_FABRIC,LOD_TRANSITION;RESOURCE_STRESS;MULTI_WORKER_CONFORMANCE,13_REFERENCE_CENTRIC_WORLD_SHELLS/195_RCPW_13_R21_ADAPTIVE_SHELL_CONTROLLERS_CONSUME_GLOBALLY_COHERENT_BUDGET_BACKLOG_TELEMETRY_RATHER_.md,vm/world/evidence/remediation_315/RCPW-13-R21.json,OPERATIONAL
196,RCPW-13-R23,13,Reference-Centric World Shells,Shell saturation triggers deterministic admission/backpressure policies across workers.,PARTIAL,"A bounded hosted reference mechanism or contract exists, but the requirement exceeds the implemented local fidelity or qualification scope.",QP1/WQ2/AW1/WP1_SINGLE,T3_FABRIC,NARRATIVE_KNOWLEDGE;RESOURCE_STRESS;MULTI_WORKER_CONFORMANCE,13_REFERENCE_CENTRIC_WORLD_SHELLS/196_RCPW_13_R23_SHELL_SATURATION_TRIGGERS_DETERMINISTIC_ADMISSION_BACKPRESSURE_POLICIES_ACROSS_WORKER.md,vm/world/evidence/remediation_315/RCPW-13-R23.json,OPERATIONAL
197,RCPW-13-R24,13,Reference-Centric World Shells,"Qualification includes asymmetric worker capacity, worker loss, hot addition/removal of workers, and reference travel across migrated shell workloads.",PARTIAL,"A bounded hosted reference mechanism or contract exists, but the requirement exceeds the implemented local fidelity or qualification scope.",QP1/WQ2/AW1/WP1_SINGLE,T3_FABRIC,REFERENCE_PRECISION;RESOURCE_STRESS;MULTI_WORKER_CONFORMANCE;SCALE_SOAK,13_REFERENCE_CENTRIC_WORLD_SHELLS/197_RCPW_13_R24_QUALIFICATION_INCLUDES_ASYMMETRIC_WORKER_CAPACITY_WORKER_LOSS_HOT_ADDITION_REMOVAL_OF.md,vm/world/evidence/remediation_315/RCPW-13-R24.json,OPERATIONAL
198,RCPW-13-R27,13,Reference-Centric World Shells,Shell controllers reserve capacity for semantic rehydration before visual asset hydration when returning to historically evolved regions.,PARTIAL,"A bounded hosted reference mechanism or contract exists, but the requirement exceeds the implemented local fidelity or qualification scope.",QP1/WQ2/AW1/WP1_SINGLE,T2_HIGH_FIDELITY,MATERIALIZATION_READINESS;PRESENTATION_REGRESSION;RESOURCE_STRESS;AUTONOMOUS_HISTORY;SCALE_SOAK,13_REFERENCE_CENTRIC_WORLD_SHELLS/198_RCPW_13_R27_SHELL_CONTROLLERS_RESERVE_CAPACITY_FOR_SEMANTIC_REHYDRATION_BEFORE_VISUAL_ASSET_HYDRA.md,vm/world/evidence/remediation_315/RCPW-13-R27.json,OPERATIONAL
199,RCPW-13-R28,13,Reference-Centric World Shells,Long-horizon world processes may remain outside geometric shells but retain scheduled canonical updates according to world-evolution policy.,PARTIAL,"A bounded hosted reference mechanism or contract exists, but the requirement exceeds the implemented local fidelity or qualification scope.",QP1/WQ2/AW1/WP1_SINGLE,T2_HIGH_FIDELITY,FOLD_PROPERTY;RESOURCE_STRESS,13_REFERENCE_CENTRIC_WORLD_SHELLS/199_RCPW_13_R28_LONG_HORIZON_WORLD_PROCESSES_MAY_REMAIN_OUTSIDE_GEOMETRIC_SHELLS_BUT_RETAIN_SCHEDULED.md,vm/world/evidence/remediation_315/RCPW-13-R28.json,OPERATIONAL
200,RCPW-14-R01,14,No-Unload Representation Transitions,Distance/invisibility never directly deletes gameplay-significant entities.,PARTIAL,Requirement was applied to the design/traceability ledger but lacks a direct executable proof specific enough for OPERATIONAL status.,QP1/WQ2/AW1/WP1_SINGLE,T1_DIRECT_PROOF,PRESENTATION_REGRESSION,14_NO_UNLOAD_REPRESENTATION_TRANSITIONS/200_RCPW_14_R01_DISTANCE_INVISIBILITY_NEVER_DIRECTLY_DELETES_GAMEPLAY_SIGNIFICANT_ENTITIES.md,vm/world/evidence/remediation_315/RCPW-14-R01.json,OPERATIONAL
201,RCPW-14-R02,14,No-Unload Representation Transitions,"Every representation transition declares exact carried, summarized, and reconstructible state.",PARTIAL,Requirement was applied to the design/traceability ledger but lacks a direct executable proof specific enough for OPERATIONAL status.,QP1/WQ2/AW1/WP1_SINGLE,T1_DIRECT_PROOF,LOD_TRANSITION,14_NO_UNLOAD_REPRESENTATION_TRANSITIONS/201_RCPW_14_R02_EVERY_REPRESENTATION_TRANSITION_DECLARES_EXACT_CARRIED_SUMMARIZED_AND_RECONSTRUCTIBLE.md,vm/world/evidence/remediation_315/RCPW-14-R02.json,OPERATIONAL
202,RCPW-14-R03,14,No-Unload Representation Transitions,Compression is bounded and cannot erase unresolved causal obligations.,PARTIAL,Requirement was applied to the design/traceability ledger but lacks a direct executable proof specific enough for OPERATIONAL status.,QP1/WQ2/AW1/WP1_SINGLE,T1_DIRECT_PROOF,CAUSAL_REPLAY;AUTONOMOUS_HISTORY,14_NO_UNLOAD_REPRESENTATION_TRANSITIONS/202_RCPW_14_R03_COMPRESSION_IS_BOUNDED_AND_CANNOT_ERASE_UNRESOLVED_CAUSAL_OBLIGATIONS.md,vm/world/evidence/remediation_315/RCPW-14-R03.json,OPERATIONAL
203,RCPW-14-R04,14,No-Unload Representation Transitions,"Restoration cannot create impossible time, position, ownership, or inventory state.",PARTIAL,Requirement was applied to the design/traceability ledger but lacks a direct executable proof specific enough for OPERATIONAL status.,QP1/WQ2/AW1/WP1_SINGLE,T1_DIRECT_PROOF,TRANSACTION_CONCURRENCY;ECONOMY_CONSERVATION,14_NO_UNLOAD_REPRESENTATION_TRANSITIONS/203_RCPW_14_R04_RESTORATION_CANNOT_CREATE_IMPOSSIBLE_TIME_POSITION_OWNERSHIP_OR_INVENTORY_STATE.md,vm/world/evidence/remediation_315/RCPW-14-R04.json,OPERATIONAL
204,RCPW-14-R05,14,No-Unload Representation Transitions,Transition failures are explicit and recoverable.,PARTIAL,Requirement was applied to the design/traceability ledger but lacks a direct executable proof specific enough for OPERATIONAL status.,QP1/WQ2/AW1/WP1_SINGLE,T1_DIRECT_PROOF,AUTONOMOUS_HISTORY,14_NO_UNLOAD_REPRESENTATION_TRANSITIONS/204_RCPW_14_R05_TRANSITION_FAILURES_ARE_EXPLICIT_AND_RECOVERABLE.md,vm/world/evidence/remediation_315/RCPW-14-R05.json,OPERATIONAL
205,RCPW-14-R06,14,No-Unload Representation Transitions,Endurance cycling shows no cumulative identity/state drift.,PARTIAL,Requirement was applied to the design/traceability ledger but lacks a direct executable proof specific enough for OPERATIONAL status.,QP1/WQ2/AW1/WP1_SINGLE,T1_DIRECT_PROOF,IDENTITY_PERSISTENCE,14_NO_UNLOAD_REPRESENTATION_TRANSITIONS/205_RCPW_14_R06_ENDURANCE_CYCLING_SHOWS_NO_CUMULATIVE_IDENTITY_STATE_DRIFT.md,vm/world/evidence/remediation_315/RCPW-14-R06.json,OPERATIONAL
206,RCPW-14-R07,14,No-Unload Representation Transitions,"Representation transitions define a conservation vector for identity, time, position, ownership, health, inventory, and unresolved obligations.",PARTIAL,Requirement was applied to the design/traceability ledger but lacks a direct executable proof specific enough for OPERATIONAL status.,QP1/WQ2/AW1/WP1_SINGLE,T1_DIRECT_PROOF,TRANSACTION_CONCURRENCY;LOD_TRANSITION;IDENTITY_PERSISTENCE;ECONOMY_CONSERVATION,14_NO_UNLOAD_REPRESENTATION_TRANSITIONS/206_RCPW_14_R07_REPRESENTATION_TRANSITIONS_DEFINE_A_CONSERVATION_VECTOR_FOR_IDENTITY_TIME_POSITION_OW.md,vm/world/evidence/remediation_315/RCPW-14-R07.json,OPERATIONAL
207,RCPW-14-R09,14,No-Unload Representation Transitions,Abstract simulation never advances an entity beyond a canonical event barrier that requires higher fidelity.,PARTIAL,Requirement was applied to the design/traceability ledger but lacks a direct executable proof specific enough for OPERATIONAL status.,QP1/WQ2/AW1/WP1_SINGLE,T1_DIRECT_PROOF,LOD_TRANSITION;IDENTITY_PERSISTENCE;CAUSAL_REPLAY,14_NO_UNLOAD_REPRESENTATION_TRANSITIONS/207_RCPW_14_R09_ABSTRACT_SIMULATION_NEVER_ADVANCES_AN_ENTITY_BEYOND_A_CANONICAL_EVENT_BARRIER_THAT_RE.md,vm/world/evidence/remediation_315/RCPW-14-R09.json,OPERATIONAL
208,RCPW-14-R10,14,No-Unload Representation Transitions,Round-trip transition error budgets are quantified by entity class.,PARTIAL,Requirement was applied to the design/traceability ledger but lacks a direct executable proof specific enough for OPERATIONAL status.,QP1/WQ2/AW1/WP1_SINGLE,T1_DIRECT_PROOF,IDENTITY_PERSISTENCE;RESOURCE_STRESS,14_NO_UNLOAD_REPRESENTATION_TRANSITIONS/208_RCPW_14_R10_ROUND_TRIP_TRANSITION_ERROR_BUDGETS_ARE_QUANTIFIED_BY_ENTITY_CLASS.md,vm/world/evidence/remediation_315/RCPW-14-R10.json,OPERATIONAL
209,RCPW-14-R11,14,No-Unload Representation Transitions,Every representation compression declares semantic fidelity classes so critical gameplay facts cannot be summarized into ambiguous state.,PARTIAL,Requirement was applied to the design/traceability ledger but lacks a direct executable proof specific enough for OPERATIONAL status.,QP1/WQ2/AW1/WP1_SINGLE,T1_DIRECT_PROOF,LOD_TRANSITION,14_NO_UNLOAD_REPRESENTATION_TRANSITIONS/209_RCPW_14_R11_EVERY_REPRESENTATION_COMPRESSION_DECLARES_SEMANTIC_FIDELITY_CLASSES_SO_CRITICAL_GAMEP.md,vm/world/evidence/remediation_315/RCPW-14-R11.json,OPERATIONAL
210,RCPW-14-R12,14,No-Unload Representation Transitions,Abstract simulation respects canonical time and event barriers; it may not skip through unresolved interaction-critical events.,PARTIAL,Requirement was applied to the design/traceability ledger but lacks a direct executable proof specific enough for OPERATIONAL status.,QP1/WQ2/AW1/WP1_SINGLE,T1_DIRECT_PROOF,CAUSAL_REPLAY;AUTONOMOUS_HISTORY,14_NO_UNLOAD_REPRESENTATION_TRANSITIONS/210_RCPW_14_R12_ABSTRACT_SIMULATION_RESPECTS_CANONICAL_TIME_AND_EVENT_BARRIERS_IT_MAY_NOT_SKIP_THROUG.md,vm/world/evidence/remediation_315/RCPW-14-R12.json,OPERATIONAL
211,RCPW-14-R15,14,No-Unload Representation Transitions,"No-unload transitions have subsystem-specific conservation contracts for navigation progress, combat state, transport phase, economy obligations, ecology state, and narrative reservations.",PARTIAL,"A bounded hosted reference mechanism or contract exists, but the requirement exceeds the implemented local fidelity or qualification scope.",QP1/WQ2/AW1/WP1_SINGLE,T2_HIGH_FIDELITY,ECOLOGY_CONSERVATION;ECONOMY_CONSERVATION;NARRATIVE_KNOWLEDGE,14_NO_UNLOAD_REPRESENTATION_TRANSITIONS/211_RCPW_14_R15_NO_UNLOAD_TRANSITIONS_HAVE_SUBSYSTEM_SPECIFIC_CONSERVATION_CONTRACTS_FOR_NAVIGATION_P.md,vm/world/evidence/remediation_315/RCPW-14-R15.json,OPERATIONAL
212,RCPW-14-R16,14,No-Unload Representation Transitions,"Abstract state may use compressed representation, but unresolved exclusive ownership and event reservations remain exact.",PARTIAL,Requirement was applied to the design/traceability ledger but lacks a direct executable proof specific enough for OPERATIONAL status.,QP1/WQ2/AW1/WP1_SINGLE,T1_DIRECT_PROOF,TRANSACTION_CONCURRENCY;LOD_TRANSITION;CAUSAL_REPLAY,14_NO_UNLOAD_REPRESENTATION_TRANSITIONS/212_RCPW_14_R16_ABSTRACT_STATE_MAY_USE_COMPRESSED_REPRESENTATION_BUT_UNRESOLVED_EXCLUSIVE_OWNERSHIP_A.md,vm/world/evidence/remediation_315/RCPW-14-R16.json,OPERATIONAL
213,RCPW-14-R17,14,No-Unload Representation Transitions,Transition code supports versioned migration so representation formats may evolve without invalidating persistent identity.,PARTIAL,Requirement was applied to the design/traceability ledger but lacks a direct executable proof specific enough for OPERATIONAL status.,QP1/WQ2/AW1/WP1_SINGLE,T1_DIRECT_PROOF,VERSION_MIGRATION;LOD_TRANSITION;IDENTITY_PERSISTENCE,14_NO_UNLOAD_REPRESENTATION_TRANSITIONS/213_RCPW_14_R17_TRANSITION_CODE_SUPPORTS_VERSIONED_MIGRATION_SO_REPRESENTATION_FORMATS_MAY_EVOLVE_WIT.md,vm/world/evidence/remediation_315/RCPW-14-R17.json,OPERATIONAL
214,RCPW-14-R18,14,No-Unload Representation Transitions,Demotion may be rejected when required event barriers or dependencies make abstraction unsafe.,PARTIAL,Requirement was applied to the design/traceability ledger but lacks a direct executable proof specific enough for OPERATIONAL status.,QP1/WQ2/AW1/WP1_SINGLE,T1_DIRECT_PROOF,LOD_TRANSITION;CAUSAL_REPLAY,14_NO_UNLOAD_REPRESENTATION_TRANSITIONS/214_RCPW_14_R18_DEMOTION_MAY_BE_REJECTED_WHEN_REQUIRED_EVENT_BARRIERS_OR_DEPENDENCIES_MAKE_ABSTRACTIO.md,vm/world/evidence/remediation_315/RCPW-14-R18.json,OPERATIONAL
215,RCPW-14-R20,14,No-Unload Representation Transitions,"Representation transitions may execute asynchronously, but source/target revisions and ownership tokens prevent stale transition completion from overwriting newer state.",PARTIAL,Requirement was applied to the design/traceability ledger but lacks a direct executable proof specific enough for OPERATIONAL status.,QP1/WQ2/AW1/WP1_SINGLE,T1_DIRECT_PROOF,TRANSACTION_CONCURRENCY;FOLD_PROPERTY;LOD_TRANSITION;CAUSAL_REPLAY,14_NO_UNLOAD_REPRESENTATION_TRANSITIONS/215_RCPW_14_R20_REPRESENTATION_TRANSITIONS_MAY_EXECUTE_ASYNCHRONOUSLY_BUT_SOURCE_TARGET_REVISIONS_AND.md,vm/world/evidence/remediation_315/RCPW-14-R20.json,OPERATIONAL
216,RCPW-14-R22,14,No-Unload Representation Transitions,Cross-partition transitions carry exact unresolved obligations and event reservations before old ownership is released.,PARTIAL,Requirement was applied to the design/traceability ledger but lacks a direct executable proof specific enough for OPERATIONAL status.,QP1/WQ2/AW1/WP1_SINGLE,T3_FABRIC,TRANSACTION_CONCURRENCY;CAUSAL_REPLAY;MULTI_WORKER_CONFORMANCE,14_NO_UNLOAD_REPRESENTATION_TRANSITIONS/216_RCPW_14_R22_CROSS_PARTITION_TRANSITIONS_CARRY_EXACT_UNRESOLVED_OBLIGATIONS_AND_EVENT_RESERVATIONS.md,vm/world/evidence/remediation_315/RCPW-14-R22.json,OPERATIONAL
217,RCPW-14-R24,14,No-Unload Representation Transitions,"Qualification includes duplicate/reordered completion messages, retries, cancellations, partition moves, and crash at each transition phase.",PARTIAL,Requirement was applied to the design/traceability ledger but lacks a direct executable proof specific enough for OPERATIONAL status.,QP1/WQ2/AW1/WP1_SINGLE,T3_FABRIC,SAVE_RECOVERY;MULTI_WORKER_CONFORMANCE,14_NO_UNLOAD_REPRESENTATION_TRANSITIONS/217_RCPW_14_R24_QUALIFICATION_INCLUDES_DUPLICATE_REORDERED_COMPLETION_MESSAGES_RETRIES_CANCELLATIONS_.md,vm/world/evidence/remediation_315/RCPW-14-R24.json,OPERATIONAL
218,RCPW-14-R26,14,No-Unload Representation Transitions,"Archival transitions declare irreversible losses, if any, and are prohibited from discarding information required for active quests, law, ownership, lineage, or deterministic recovery.",PARTIAL,Requirement was applied to the design/traceability ledger but lacks a direct executable proof specific enough for OPERATIONAL status.,QP1/WQ2/AW1/WP1_SINGLE,T1_DIRECT_PROOF,TRANSACTION_CONCURRENCY;ECONOMY_CONSERVATION;SAVE_RECOVERY,14_NO_UNLOAD_REPRESENTATION_TRANSITIONS/218_RCPW_14_R26_ARCHIVAL_TRANSITIONS_DECLARE_IRREVERSIBLE_LOSSES_IF_ANY_AND_ARE_PROHIBITED_FROM_DISCA.md,vm/world/evidence/remediation_315/RCPW-14-R26.json,OPERATIONAL
219,RCPW-15-R04,15,High-Speed Traversal Fold / Unfold,Teleportation has a deterministic destination-staging protocol.,PARTIAL,Requirement was applied to the design/traceability ledger but lacks a direct executable proof specific enough for OPERATIONAL status.,QP1/WQ2/AW1/WP1_SINGLE,T1_DIRECT_PROOF,TRAVERSAL_PORTAL,15_HIGH_SPEED_TRAVERSAL_FOLD_UNFOLD/219_RCPW_15_R04_TELEPORTATION_HAS_A_DETERMINISTIC_DESTINATION_STAGING_PROTOCOL.md,vm/world/evidence/remediation_315/RCPW-15-R04.json,OPERATIONAL
220,RCPW-15-R05,15,High-Speed Traversal Fold / Unfold,Missed prewarm deadlines degrade presentation safely.,PARTIAL,Requirement was applied to the design/traceability ledger but lacks a direct executable proof specific enough for OPERATIONAL status.,QP1/WQ2/AW1/WP1_SINGLE,T1_DIRECT_PROOF,MATERIALIZATION_READINESS,15_HIGH_SPEED_TRAVERSAL_FOLD_UNFOLD/220_RCPW_15_R05_MISSED_PREWARM_DEADLINES_DEGRADE_PRESENTATION_SAFELY.md,vm/world/evidence/remediation_315/RCPW-15-R05.json,OPERATIONAL
221,RCPW-15-R06,15,High-Speed Traversal Fold / Unfold,"High-speed traversal remains within declared frame, memory, and I/O budgets.",PARTIAL,Requirement was applied to the design/traceability ledger but lacks a direct executable proof specific enough for OPERATIONAL status.,QP1/WQ2/AW1/WP1_SINGLE,T2_HIGH_FIDELITY,PRESENTATION_REGRESSION;RESOURCE_STRESS;TRAVERSAL_PORTAL,15_HIGH_SPEED_TRAVERSAL_FOLD_UNFOLD/221_RCPW_15_R06_HIGH_SPEED_TRAVERSAL_REMAINS_WITHIN_DECLARED_FRAME_MEMORY_AND_I_O_BUDGETS.md,vm/world/evidence/remediation_315/RCPW-15-R06.json,OPERATIONAL
222,RCPW-15-R07,15,High-Speed Traversal Fold / Unfold,Traversal prediction has bounded speculation windows and backpressure.,PARTIAL,Requirement was applied to the design/traceability ledger but lacks a direct executable proof specific enough for OPERATIONAL status.,QP1/WQ2/AW1/WP1_SINGLE,T1_DIRECT_PROOF,TRAVERSAL_PORTAL,15_HIGH_SPEED_TRAVERSAL_FOLD_UNFOLD/222_RCPW_15_R07_TRAVERSAL_PREDICTION_HAS_BOUNDED_SPECULATION_WINDOWS_AND_BACKPRESSURE.md,vm/world/evidence/remediation_315/RCPW-15-R07.json,OPERATIONAL
223,RCPW-15-R09,15,High-Speed Traversal Fold / Unfold,"Teleport destination staging validates canonical time, occupancy, collision, and active mission constraints.",PARTIAL,Requirement was applied to the design/traceability ledger but lacks a direct executable proof specific enough for OPERATIONAL status.,QP1/WQ2/AW1/WP1_SINGLE,T1_DIRECT_PROOF,NARRATIVE_KNOWLEDGE;TRAVERSAL_PORTAL,15_HIGH_SPEED_TRAVERSAL_FOLD_UNFOLD/223_RCPW_15_R09_TELEPORT_DESTINATION_STAGING_VALIDATES_CANONICAL_TIME_OCCUPANCY_COLLISION_AND_ACTIVE_.md,vm/world/evidence/remediation_315/RCPW-15-R09.json,OPERATIONAL
224,RCPW-15-R11,15,High-Speed Traversal Fold / Unfold,High-speed traversal predicts movement and camera look-ahead separately to reduce over-prefetch and preserve directional uncertainty.,PARTIAL,Requirement was applied to the design/traceability ledger but lacks a direct executable proof specific enough for OPERATIONAL status.,QP1/WQ2/AW1/WP1_SINGLE,T1_DIRECT_PROOF,TRAVERSAL_PORTAL;AUTONOMOUS_HISTORY,15_HIGH_SPEED_TRAVERSAL_FOLD_UNFOLD/224_RCPW_15_R11_HIGH_SPEED_TRAVERSAL_PREDICTS_MOVEMENT_AND_CAMERA_LOOK_AHEAD_SEPARATELY_TO_REDUCE_OVE.md,vm/world/evidence/remediation_315/RCPW-15-R11.json,OPERATIONAL
225,RCPW-15-R12,15,High-Speed Traversal Fold / Unfold,"Transport networks, tunnels, bridges, portals, and interiors receive route-aware prewarm rather than distance-only prewarm.",PARTIAL,"A bounded hosted reference mechanism or contract exists, but the requirement exceeds the implemented local fidelity or qualification scope.",QP1/WQ2/AW1/WP1_SINGLE,T2_HIGH_FIDELITY,ECONOMY_CONSERVATION;MATERIALIZATION_READINESS;TRAVERSAL_PORTAL,15_HIGH_SPEED_TRAVERSAL_FOLD_UNFOLD/225_RCPW_15_R12_TRANSPORT_NETWORKS_TUNNELS_BRIDGES_PORTALS_AND_INTERIORS_RECEIVE_ROUTE_AWARE_PREWARM_.md,vm/world/evidence/remediation_315/RCPW-15-R12.json,OPERATIONAL
226,RCPW-15-R14,15,High-Speed Traversal Fold / Unfold,Emergency degradation exposes a measurable recovery path back to target fidelity after overload ends.,PARTIAL,Requirement was applied to the design/traceability ledger but lacks a direct executable proof specific enough for OPERATIONAL status.,QP1/WQ2/AW1/WP1_SINGLE,T1_DIRECT_PROOF,FOLD_PROPERTY;LOD_TRANSITION;SAVE_RECOVERY;RESOURCE_STRESS,15_HIGH_SPEED_TRAVERSAL_FOLD_UNFOLD/226_RCPW_15_R14_EMERGENCY_DEGRADATION_EXPOSES_A_MEASURABLE_RECOVERY_PATH_BACK_TO_TARGET_FIDELITY_AFTE.md,vm/world/evidence/remediation_315/RCPW-15-R14.json,OPERATIONAL
227,RCPW-15-R15,15,High-Speed Traversal Fold / Unfold,"High-speed traversal integrates route-aware prediction from canonical navigation graphs, not only velocity extrapolation.",PARTIAL,"A bounded hosted reference mechanism or contract exists, but the requirement exceeds the implemented local fidelity or qualification scope.",QP1/WQ2/AW1/WP1_SINGLE,T2_HIGH_FIDELITY,TRAVERSAL_PORTAL,15_HIGH_SPEED_TRAVERSAL_FOLD_UNFOLD/227_RCPW_15_R15_HIGH_SPEED_TRAVERSAL_INTEGRATES_ROUTE_AWARE_PREDICTION_FROM_CANONICAL_NAVIGATION_GRAP.md,vm/world/evidence/remediation_315/RCPW-15-R15.json,OPERATIONAL
228,RCPW-15-R17,15,High-Speed Traversal Fold / Unfold,"Traversal prewarm treats portals, tunnels, bridges, stations, dense settlements, and scripted/event barriers as high-cost milestones.",PARTIAL,"A bounded hosted reference mechanism or contract exists, but the requirement exceeds the implemented local fidelity or qualification scope.",QP1/WQ2/AW1/WP1_SINGLE,T2_HIGH_FIDELITY,CAUSAL_REPLAY;ECONOMY_CONSERVATION;MATERIALIZATION_READINESS;TRAVERSAL_PORTAL,15_HIGH_SPEED_TRAVERSAL_FOLD_UNFOLD/228_RCPW_15_R17_TRAVERSAL_PREWARM_TREATS_PORTALS_TUNNELS_BRIDGES_STATIONS_DENSE_SETTLEMENTS_AND_SCRIP.md,vm/world/evidence/remediation_315/RCPW-15-R17.json,OPERATIONAL
229,RCPW-15-R18,15,High-Speed Traversal Fold / Unfold,Backpressure can reduce speculative look-ahead without delaying canonical transport or world time.,PARTIAL,Requirement was applied to the design/traceability ledger but lacks a direct executable proof specific enough for OPERATIONAL status.,QP1/WQ2/AW1/WP1_SINGLE,T1_DIRECT_PROOF,ECONOMY_CONSERVATION,15_HIGH_SPEED_TRAVERSAL_FOLD_UNFOLD/229_RCPW_15_R18_BACKPRESSURE_CAN_REDUCE_SPECULATIVE_LOOK_AHEAD_WITHOUT_DELAYING_CANONICAL_TRANSPORT_O.md,vm/world/evidence/remediation_315/RCPW-15-R18.json,OPERATIONAL
230,RCPW-15-R19,15,High-Speed Traversal Fold / Unfold,"Qualification covers mounts, fast ground transport, rail-like transport, vertical transport, portal travel, teleportation, and rapid reference switching.",PARTIAL,"A bounded hosted reference mechanism or contract exists, but the requirement exceeds the implemented local fidelity or qualification scope.",QP1/WQ2/AW1/WP1_SINGLE,T2_HIGH_FIDELITY,REFERENCE_PRECISION;ECONOMY_CONSERVATION;TRAVERSAL_PORTAL,15_HIGH_SPEED_TRAVERSAL_FOLD_UNFOLD/230_RCPW_15_R19_QUALIFICATION_COVERS_MOUNTS_FAST_GROUND_TRANSPORT_RAIL_LIKE_TRANSPORT_VERTICAL_TRANSP.md,vm/world/evidence/remediation_315/RCPW-15-R19.json,OPERATIONAL
231,RCPW-15-R21,15,High-Speed Traversal Fold / Unfold,Route milestones carry predicted arrival windows and priority classes for deterministic cross-worker prewarm.,PARTIAL,"A bounded hosted reference mechanism or contract exists, but the requirement exceeds the implemented local fidelity or qualification scope.",QP1/WQ2/AW1/WP1_SINGLE,T3_FABRIC,MATERIALIZATION_READINESS;MULTI_WORKER_CONFORMANCE;TRAVERSAL_PORTAL,15_HIGH_SPEED_TRAVERSAL_FOLD_UNFOLD/231_RCPW_15_R21_ROUTE_MILESTONES_CARRY_PREDICTED_ARRIVAL_WINDOWS_AND_PRIORITY_CLASSES_FOR_DETERMINIST.md,vm/world/evidence/remediation_315/RCPW-15-R21.json,OPERATIONAL
232,RCPW-15-R22,15,High-Speed Traversal Fold / Unfold,Transport/reference wells can migrate execution ownership ahead of the player while preserving canonical route phase and passenger state.,PARTIAL,Requirement was applied to the design/traceability ledger but lacks a direct executable proof specific enough for OPERATIONAL status.,QP1/WQ2/AW1/WP1_SINGLE,T1_DIRECT_PROOF,TRANSACTION_CONCURRENCY;REFERENCE_PRECISION;ECONOMY_CONSERVATION;TRAVERSAL_PORTAL,15_HIGH_SPEED_TRAVERSAL_FOLD_UNFOLD/232_RCPW_15_R22_TRANSPORT_REFERENCE_WELLS_CAN_MIGRATE_EXECUTION_OWNERSHIP_AHEAD_OF_THE_PLAYER_WHILE_P.md,vm/world/evidence/remediation_315/RCPW-15-R22.json,OPERATIONAL
233,RCPW-15-R23,15,High-Speed Traversal Fold / Unfold,Speculative prewarm is cancellable and resource-bounded; canonical simulation never waits on cosmetic asset fetch.,PARTIAL,Requirement was applied to the design/traceability ledger but lacks a direct executable proof specific enough for OPERATIONAL status.,QP1/WQ2/AW1/WP1_SINGLE,T1_DIRECT_PROOF,ECOLOGY_CONSERVATION;MATERIALIZATION_READINESS;RESOURCE_STRESS,15_HIGH_SPEED_TRAVERSAL_FOLD_UNFOLD/233_RCPW_15_R23_SPECULATIVE_PREWARM_IS_CANCELLABLE_AND_RESOURCE_BOUNDED_CANONICAL_SIMULATION_NEVER_WA.md,vm/world/evidence/remediation_315/RCPW-15-R23.json,OPERATIONAL
234,RCPW-15-R24,15,High-Speed Traversal Fold / Unfold,"Traversal qualification includes cross-partition rail/road/portal travel, worker migration, packet/message delay simulation, and sudden direction reversal.",PARTIAL,"A bounded hosted reference mechanism or contract exists, but the requirement exceeds the implemented local fidelity or qualification scope.",QP1/WQ2/AW1/WP1_SINGLE,T3_FABRIC,VERSION_MIGRATION;MULTI_WORKER_CONFORMANCE;TRAVERSAL_PORTAL,15_HIGH_SPEED_TRAVERSAL_FOLD_UNFOLD/234_RCPW_15_R24_TRAVERSAL_QUALIFICATION_INCLUDES_CROSS_PARTITION_RAIL_ROAD_PORTAL_TRAVEL_WORKER_MIGRA.md,vm/world/evidence/remediation_315/RCPW-15-R24.json,OPERATIONAL
235,RCPW-15-R25,15,High-Speed Traversal Fold / Unfold,High-speed traversal into newly generated or long-archived regions triggers semantic validation/rehydration ahead of ordinary visual prewarm.,PARTIAL,"A bounded hosted reference mechanism or contract exists, but the requirement exceeds the implemented local fidelity or qualification scope.",QP1/WQ2/AW1/WP1_SINGLE,T2_HIGH_FIDELITY,MATERIALIZATION_READINESS;PRESENTATION_REGRESSION;TRAVERSAL_PORTAL;AUTONOMOUS_HISTORY,15_HIGH_SPEED_TRAVERSAL_FOLD_UNFOLD/235_RCPW_15_R25_HIGH_SPEED_TRAVERSAL_INTO_NEWLY_GENERATED_OR_LONG_ARCHIVED_REGIONS_TRIGGERS_SEMANTIC_.md,vm/world/evidence/remediation_315/RCPW-15-R25.json,OPERATIONAL
236,RCPW-15-R27,15,High-Speed Traversal Fold / Unfold,"Long-distance transport remains governed by canonical route history, including routes built, destroyed, abandoned, or restored across eras.",PARTIAL,Requirement was applied to the design/traceability ledger but lacks a direct executable proof specific enough for OPERATIONAL status.,QP1/WQ2/AW1/WP1_SINGLE,T1_DIRECT_PROOF,CAUSAL_REPLAY;ECONOMY_CONSERVATION;NARRATIVE_KNOWLEDGE;TRAVERSAL_PORTAL;AUTONOMOUS_HISTORY,15_HIGH_SPEED_TRAVERSAL_FOLD_UNFOLD/236_RCPW_15_R27_LONG_DISTANCE_TRANSPORT_REMAINS_GOVERNED_BY_CANONICAL_ROUTE_HISTORY_INCLUDING_ROUTES_.md,vm/world/evidence/remediation_315/RCPW-15-R27.json,OPERATIONAL
237,RCPW-16-R01,16,Penteract World Coordinate Model,"The eight components have declared semantics, units/domains, precision, and update ownership.",PARTIAL,Requirement was applied to the design/traceability ledger but lacks a direct executable proof specific enough for OPERATIONAL status.,QP1/WQ2/AW1/WP1_SINGLE,T1_DIRECT_PROOF,TRANSACTION_CONCURRENCY;REFERENCE_PRECISION,16_PENTERACT_WORLD_COORDINATE_MODEL/237_RCPW_16_R01_THE_EIGHT_COMPONENTS_HAVE_DECLARED_SEMANTICS_UNITS_DOMAINS_PRECISION_AND_UPDATE_OWNER.md,vm/world/evidence/remediation_315/RCPW-16-R01.json,OPERATIONAL
238,RCPW-16-R02,16,Penteract World Coordinate Model,The model distinguishes mathematical/state dimensions from rendered spatial dimensions.,PARTIAL,"A bounded hosted reference mechanism or contract exists, but the requirement exceeds the implemented local fidelity or qualification scope.",QP1/WQ2/AW1/WP1_SINGLE,T2_HIGH_FIDELITY,PRESENTATION_REGRESSION;MATHEMATICAL_VALIDATION,16_PENTERACT_WORLD_COORDINATE_MODEL/238_RCPW_16_R02_THE_MODEL_DISTINGUISHES_MATHEMATICAL_STATE_DIMENSIONS_FROM_RENDERED_SPATIAL_DIMENSION.md,vm/world/evidence/remediation_315/RCPW-16-R02.json,OPERATIONAL
239,RCPW-16-R03,16,Penteract World Coordinate Model,Projection into local 3D reference space is explicit and testable.,PARTIAL,Requirement was applied to the design/traceability ledger but lacks a direct executable proof specific enough for OPERATIONAL status.,QP1/WQ2/AW1/WP1_SINGLE,T1_DIRECT_PROOF,REFERENCE_PRECISION,16_PENTERACT_WORLD_COORDINATE_MODEL/239_RCPW_16_R03_PROJECTION_INTO_LOCAL_3D_REFERENCE_SPACE_IS_EXPLICIT_AND_TESTABLE.md,vm/world/evidence/remediation_315/RCPW-16-R03.json,OPERATIONAL
240,RCPW-16-R04,16,Penteract World Coordinate Model,The 8S Penteract/S³ coupled-mechanics terms are integrated only where their semantics are formally mapped and dimensionally valid.,PARTIAL,Requirement was applied to the design/traceability ledger but lacks a direct executable proof specific enough for OPERATIONAL status.,QP1/WQ2/AW1/WP1_SINGLE,T1_DIRECT_PROOF,MATHEMATICAL_VALIDATION;AUTONOMOUS_HISTORY,16_PENTERACT_WORLD_COORDINATE_MODEL/240_RCPW_16_R04_THE_8S_PENTERACT_S_COUPLED_MECHANICS_TERMS_ARE_INTEGRATED_ONLY_WHERE_THEIR_SEMANTICS_.md,vm/world/evidence/remediation_315/RCPW-16-R04.json,OPERATIONAL
241,RCPW-16-R05,16,Penteract World Coordinate Model,Admission/score terms cannot silently override canonical state authority.,PARTIAL,Requirement was applied to the design/traceability ledger but lacks a direct executable proof specific enough for OPERATIONAL status.,QP1/WQ2/AW1/WP1_SINGLE,T1_DIRECT_PROOF,NARRATIVE_KNOWLEDGE,16_PENTERACT_WORLD_COORDINATE_MODEL/241_RCPW_16_R05_ADMISSION_SCORE_TERMS_CANNOT_SILENTLY_OVERRIDE_CANONICAL_STATE_AUTHORITY.md,vm/world/evidence/remediation_315/RCPW-16-R05.json,OPERATIONAL
242,RCPW-16-R06,16,Penteract World Coordinate Model,Numerical and dimensional-consistency tests cover all operators.,PARTIAL,Requirement was applied to the design/traceability ledger but lacks a direct executable proof specific enough for OPERATIONAL status.,QP1/WQ2/AW1/WP1_SINGLE,T1_DIRECT_PROOF,MATHEMATICAL_VALIDATION;AUTONOMOUS_HISTORY,16_PENTERACT_WORLD_COORDINATE_MODEL/242_RCPW_16_R06_NUMERICAL_AND_DIMENSIONAL_CONSISTENCY_TESTS_COVER_ALL_OPERATORS.md,vm/world/evidence/remediation_315/RCPW-16-R06.json,OPERATIONAL
243,RCPW-16-R07,16,Penteract World Coordinate Model,Every non-spatial coordinate has a monotonicity/ordering rule or explicitly declares that none exists.,PARTIAL,Requirement was applied to the design/traceability ledger but lacks a direct executable proof specific enough for OPERATIONAL status.,QP1/WQ2/AW1/WP1_SINGLE,T1_DIRECT_PROOF,REFERENCE_PRECISION,16_PENTERACT_WORLD_COORDINATE_MODEL/243_RCPW_16_R07_EVERY_NON_SPATIAL_COORDINATE_HAS_A_MONOTONICITY_ORDERING_RULE_OR_EXPLICITLY_DECLARES_.md,vm/world/evidence/remediation_315/RCPW-16-R07.json,OPERATIONAL
244,RCPW-16-R08,16,Penteract World Coordinate Model,Projection from extended state to 3D cannot mutate the extended canonical state.,PARTIAL,Requirement was applied to the design/traceability ledger but lacks a direct executable proof specific enough for OPERATIONAL status.,QP1/WQ2/AW1/WP1_SINGLE,T1_DIRECT_PROOF,DIRECT_EXECUTABLE_PROOF,16_PENTERACT_WORLD_COORDINATE_MODEL/244_RCPW_16_R08_PROJECTION_FROM_EXTENDED_STATE_TO_3D_CANNOT_MUTATE_THE_EXTENDED_CANONICAL_STATE.md,vm/world/evidence/remediation_315/RCPW-16-R08.json,OPERATIONAL
245,RCPW-16-R09,16,Penteract World Coordinate Model,Dimension normalization cannot conflate physical units with abstract authority/significance scores.,PARTIAL,Requirement was applied to the design/traceability ledger but lacks a direct executable proof specific enough for OPERATIONAL status.,QP1/WQ2/AW1/WP1_SINGLE,T1_DIRECT_PROOF,MATHEMATICAL_VALIDATION,16_PENTERACT_WORLD_COORDINATE_MODEL/245_RCPW_16_R09_DIMENSION_NORMALIZATION_CANNOT_CONFLATE_PHYSICAL_UNITS_WITH_ABSTRACT_AUTHORITY_SIGNIF.md,vm/world/evidence/remediation_315/RCPW-16-R09.json,OPERATIONAL
246,RCPW-16-R10,16,Penteract World Coordinate Model,8S/Penteract adapters expose confidence and experimental status in machine-readable metadata.,PARTIAL,Requirement was applied to the design/traceability ledger but lacks a direct executable proof specific enough for OPERATIONAL status.,QP1/WQ2/AW1/WP1_SINGLE,T1_DIRECT_PROOF,MATHEMATICAL_VALIDATION;AUTONOMOUS_HISTORY,16_PENTERACT_WORLD_COORDINATE_MODEL/246_RCPW_16_R10_8S_PENTERACT_ADAPTERS_EXPOSE_CONFIDENCE_AND_EXPERIMENTAL_STATUS_IN_MACHINE_READABLE_M.md,vm/world/evidence/remediation_315/RCPW-16-R10.json,OPERATIONAL
247,RCPW-16-R11,16,Penteract World Coordinate Model,The extended world coordinate defines comparison/ordering semantics for each non-spatial component and explicitly rejects invalid mixed-unit operations.,PARTIAL,Requirement was applied to the design/traceability ledger but lacks a direct executable proof specific enough for OPERATIONAL status.,QP1/WQ2/AW1/WP1_SINGLE,T1_DIRECT_PROOF,REFERENCE_PRECISION;AUTONOMOUS_HISTORY,16_PENTERACT_WORLD_COORDINATE_MODEL/247_RCPW_16_R11_THE_EXTENDED_WORLD_COORDINATE_DEFINES_COMPARISON_ORDERING_SEMANTICS_FOR_EACH_NON_SPAT.md,vm/world/evidence/remediation_315/RCPW-16-R11.json,OPERATIONAL
248,RCPW-16-R13,16,Penteract World Coordinate Model,Uncertainty/confidence attached to experimental mathematical mappings propagates into diagnostics and gate status.,PARTIAL,Requirement was applied to the design/traceability ledger but lacks a direct executable proof specific enough for OPERATIONAL status.,QP1/WQ2/AW1/WP1_SINGLE,T1_DIRECT_PROOF,MATHEMATICAL_VALIDATION,16_PENTERACT_WORLD_COORDINATE_MODEL/248_RCPW_16_R13_UNCERTAINTY_CONFIDENCE_ATTACHED_TO_EXPERIMENTAL_MATHEMATICAL_MAPPINGS_PROPAGATES_INTO.md,vm/world/evidence/remediation_315/RCPW-16-R13.json,OPERATIONAL
249,RCPW-16-R14,16,Penteract World Coordinate Model,"Projection and update operators have golden vectors covering normal, boundary, invalid, overflow, NaN/Inf, and extreme-distance conditions.",PARTIAL,Requirement was applied to the design/traceability ledger but lacks a direct executable proof specific enough for OPERATIONAL status.,QP1/WQ2/AW1/WP1_SINGLE,T1_DIRECT_PROOF,MATHEMATICAL_VALIDATION;AUTONOMOUS_HISTORY,16_PENTERACT_WORLD_COORDINATE_MODEL/249_RCPW_16_R14_PROJECTION_AND_UPDATE_OPERATORS_HAVE_GOLDEN_VECTORS_COVERING_NORMAL_BOUNDARY_INVALID_.md,vm/world/evidence/remediation_315/RCPW-16-R14.json,OPERATIONAL
250,RCPW-16-R16,16,Penteract World Coordinate Model,"Each extended-state component has a declared authority owner, update cadence, valid range, precision, and fallback when experimental mappings are disabled.",PARTIAL,Requirement was applied to the design/traceability ledger but lacks a direct executable proof specific enough for OPERATIONAL status.,QP1/WQ2/AW1/WP1_SINGLE,T1_DIRECT_PROOF,REFERENCE_PRECISION,16_PENTERACT_WORLD_COORDINATE_MODEL/250_RCPW_16_R16_EACH_EXTENDED_STATE_COMPONENT_HAS_A_DECLARED_AUTHORITY_OWNER_UPDATE_CADENCE_VALID_RAN.md,vm/world/evidence/remediation_315/RCPW-16-R16.json,OPERATIONAL
251,RCPW-16-R17,16,Penteract World Coordinate Model,8S-derived quantities are isolated behind adapter interfaces and can be disabled without changing canonical spatial/topological truth.,PARTIAL,Requirement was applied to the design/traceability ledger but lacks a direct executable proof specific enough for OPERATIONAL status.,QP1/WQ2/AW1/WP1_SINGLE,T1_DIRECT_PROOF,MATHEMATICAL_VALIDATION,16_PENTERACT_WORLD_COORDINATE_MODEL/251_RCPW_16_R17_8S_DERIVED_QUANTITIES_ARE_ISOLATED_BEHIND_ADAPTER_INTERFACES_AND_CAN_BE_DISABLED_WITH.md,vm/world/evidence/remediation_315/RCPW-16-R17.json,OPERATIONAL
252,RCPW-16-R19,16,Penteract World Coordinate Model,"Mathematical qualification includes reference vectors, property tests, sensitivity analysis, and machine-readable mapping status for every runtime-connected term.",PARTIAL,Requirement was applied to the design/traceability ledger but lacks a direct executable proof specific enough for OPERATIONAL status.,QP1/WQ2/AW1/WP1_SINGLE,T1_DIRECT_PROOF,REFERENCE_PRECISION;MATHEMATICAL_VALIDATION,16_PENTERACT_WORLD_COORDINATE_MODEL/252_RCPW_16_R19_MATHEMATICAL_QUALIFICATION_INCLUDES_REFERENCE_VECTORS_PROPERTY_TESTS_SENSITIVITY_ANAL.md,vm/world/evidence/remediation_315/RCPW-16-R19.json,OPERATIONAL
253,RCPW-16-R21,16,Penteract World Coordinate Model,Experimental mathematical adapters cannot create divergent canonical results between worker layouts unless the profile explicitly marks the model nondeterministic/experimental.,PARTIAL,"A bounded hosted reference mechanism or contract exists, but the requirement exceeds the implemented local fidelity or qualification scope.",QP1/WQ2/AW1/WP1_SINGLE,T3_FABRIC,MULTI_WORKER_CONFORMANCE;MATHEMATICAL_VALIDATION,16_PENTERACT_WORLD_COORDINATE_MODEL/253_RCPW_16_R21_EXPERIMENTAL_MATHEMATICAL_ADAPTERS_CANNOT_CREATE_DIVERGENT_CANONICAL_RESULTS_BETWEEN_.md,vm/world/evidence/remediation_315/RCPW-16-R21.json,OPERATIONAL
254,RCPW-16-R22,16,Penteract World Coordinate Model,Numeric types and reduction order for deterministic quantities are specified where parallel aggregation could change results.,PARTIAL,Requirement was applied to the design/traceability ledger but lacks a direct executable proof specific enough for OPERATIONAL status.,QP1/WQ2/AW1/WP1_SINGLE,T3_FABRIC,MULTI_WORKER_CONFORMANCE,16_PENTERACT_WORLD_COORDINATE_MODEL/254_RCPW_16_R22_NUMERIC_TYPES_AND_REDUCTION_ORDER_FOR_DETERMINISTIC_QUANTITIES_ARE_SPECIFIED_WHERE_PA.md,vm/world/evidence/remediation_315/RCPW-16-R22.json,OPERATIONAL
255,RCPW-16-R23,16,Penteract World Coordinate Model,"Cross-worker floating-point reductions use deterministic ordering, compensated summation, fixed-point, or another declared equivalence strategy as required.",PARTIAL,"A bounded hosted reference mechanism or contract exists, but the requirement exceeds the implemented local fidelity or qualification scope.",QP1/WQ2/AW1/WP1_SINGLE,T3_FABRIC,MULTI_WORKER_CONFORMANCE,16_PENTERACT_WORLD_COORDINATE_MODEL/255_RCPW_16_R23_CROSS_WORKER_FLOATING_POINT_REDUCTIONS_USE_DETERMINISTIC_ORDERING_COMPENSATED_SUMMATI.md,vm/world/evidence/remediation_315/RCPW-16-R23.json,OPERATIONAL
256,RCPW-16-R24,16,Penteract World Coordinate Model,"Mathematical qualification compares repeated runs across worker counts, partition layouts, long duration, and extreme-distance folds.",PARTIAL,"A bounded hosted reference mechanism or contract exists, but the requirement exceeds the implemented local fidelity or qualification scope.",QP1/WQ2/AW1/WP1_SINGLE,T3_FABRIC,FOLD_PROPERTY;MULTI_WORKER_CONFORMANCE;MATHEMATICAL_VALIDATION,16_PENTERACT_WORLD_COORDINATE_MODEL/256_RCPW_16_R24_MATHEMATICAL_QUALIFICATION_COMPARES_REPEATED_RUNS_ACROSS_WORKER_COUNTS_PARTITION_LAYO.md,vm/world/evidence/remediation_315/RCPW-16-R24.json,OPERATIONAL
257,RCPW-16-R25,16,Penteract World Coordinate Model,"Penteract extended-state schema may encode world-age/history relevance only through explicitly typed components or adapters, never by overloading canonical spatial coordinates.",PARTIAL,Requirement was applied to the design/traceability ledger but lacks a direct executable proof specific enough for OPERATIONAL status.,QP1/WQ2/AW1/WP1_SINGLE,T1_DIRECT_PROOF,VERSION_MIGRATION;REFERENCE_PRECISION;CAUSAL_REPLAY;NARRATIVE_KNOWLEDGE;RESOURCE_STRESS;MATHEMATICAL_VALIDATION;AUTONOMOUS_HISTORY,16_PENTERACT_WORLD_COORDINATE_MODEL/257_RCPW_16_R25_PENTERACT_EXTENDED_STATE_SCHEMA_MAY_ENCODE_WORLD_AGE_HISTORY_RELEVANCE_ONLY_THROUGH_E.md,vm/world/evidence/remediation_315/RCPW-16-R25.json,OPERATIONAL
258,RCPW-16-R26,16,Penteract World Coordinate Model,Experimental 8S/Penteract models used for long-horizon world evolution have validation against simpler reference models and publish divergence/error envelopes.,PARTIAL,"A bounded hosted reference mechanism or contract exists, but the requirement exceeds the implemented local fidelity or qualification scope.",QP1/WQ2/AW1/WP1_SINGLE,T2_HIGH_FIDELITY,REFERENCE_PRECISION;FOLD_PROPERTY;MATHEMATICAL_VALIDATION;AUTONOMOUS_HISTORY,16_PENTERACT_WORLD_COORDINATE_MODEL/258_RCPW_16_R26_EXPERIMENTAL_8S_PENTERACT_MODELS_USED_FOR_LONG_HORIZON_WORLD_EVOLUTION_HAVE_VALIDATIO.md,vm/world/evidence/remediation_315/RCPW-16-R26.json,OPERATIONAL
259,RCPW-16-R27,16,Penteract World Coordinate Model,Historical uncertainty and reconstruction confidence are separate from canonical authority; low confidence cannot silently downgrade known exact historical facts.,PARTIAL,Requirement was applied to the design/traceability ledger but lacks a direct executable proof specific enough for OPERATIONAL status.,QP1/WQ2/AW1/WP1_SINGLE,T1_DIRECT_PROOF,DIRECT_EXECUTABLE_PROOF,16_PENTERACT_WORLD_COORDINATE_MODEL/259_RCPW_16_R27_HISTORICAL_UNCERTAINTY_AND_RECONSTRUCTION_CONFIDENCE_ARE_SEPARATE_FROM_CANONICAL_AUTH.md,vm/world/evidence/remediation_315/RCPW-16-R27.json,OPERATIONAL
260,RCPW-16-R29,16,Penteract World Coordinate Model,"Qualification includes sensitivity of long-horizon fold/world-evolution outcomes to timestep, worker count, archive compaction, and model version.",PARTIAL,"A bounded hosted reference mechanism or contract exists, but the requirement exceeds the implemented local fidelity or qualification scope.",QP1/WQ2/AW1/WP1_SINGLE,T3_FABRIC,VERSION_MIGRATION;FOLD_PROPERTY;CAUSAL_REPLAY;MULTI_WORKER_CONFORMANCE;AUTONOMOUS_HISTORY,16_PENTERACT_WORLD_COORDINATE_MODEL/260_RCPW_16_R29_QUALIFICATION_INCLUDES_SENSITIVITY_OF_LONG_HORIZON_FOLD_WORLD_EVOLUTION_OUTCOMES_TO_T.md,vm/world/evidence/remediation_315/RCPW-16-R29.json,OPERATIONAL
261,RCPW-17-R01,17,QUORUM Fold Operator,"F_P(W_C)=W_P has explicit domain, codomain, parameters, and reference authority.",PARTIAL,Requirement was applied to the design/traceability ledger but lacks a direct executable proof specific enough for OPERATIONAL status.,QP1/WQ2/AW1/WP1_SINGLE,T1_DIRECT_PROOF,REFERENCE_PRECISION,17_QUORUM_FOLD_OPERATOR/261_RCPW_17_R01_F_P_W_C_W_P_HAS_EXPLICIT_DOMAIN_CODOMAIN_PARAMETERS_AND_REFERENCE_AUTHORITY.md,vm/world/evidence/remediation_315/RCPW-17-R01.json,OPERATIONAL
262,RCPW-17-R03,17,QUORUM Fold Operator,Visible-domain components are continuous and bounded.,PARTIAL,Requirement was applied to the design/traceability ledger but lacks a direct executable proof specific enough for OPERATIONAL status.,QP1/WQ2/AW1/WP1_SINGLE,T1_DIRECT_PROOF,FOLD_PROPERTY,17_QUORUM_FOLD_OPERATOR/262_RCPW_17_R03_VISIBLE_DOMAIN_COMPONENTS_ARE_CONTINUOUS_AND_BOUNDED.md,vm/world/evidence/remediation_315/RCPW-17-R03.json,OPERATIONAL
263,RCPW-17-R04,17,QUORUM Fold Operator,Lossy presentation components are explicitly identified and never treated as canonical inverse authority.,PARTIAL,Requirement was applied to the design/traceability ledger but lacks a direct executable proof specific enough for OPERATIONAL status.,QP1/WQ2/AW1/WP1_SINGLE,T1_DIRECT_PROOF,FOLD_PROPERTY,17_QUORUM_FOLD_OPERATOR/263_RCPW_17_R04_LOSSY_PRESENTATION_COMPONENTS_ARE_EXPLICITLY_IDENTIFIED_AND_NEVER_TREATED_AS_CANONICA.md,vm/world/evidence/remediation_315/RCPW-17-R04.json,OPERATIONAL
264,RCPW-17-R05,17,QUORUM Fold Operator,Changing reference points does not alter canonical world identity.,PARTIAL,Requirement was applied to the design/traceability ledger but lacks a direct executable proof specific enough for OPERATIONAL status.,QP1/WQ2/AW1/WP1_SINGLE,T1_DIRECT_PROOF,REFERENCE_PRECISION;IDENTITY_PERSISTENCE,17_QUORUM_FOLD_OPERATOR/264_RCPW_17_R05_CHANGING_REFERENCE_POINTS_DOES_NOT_ALTER_CANONICAL_WORLD_IDENTITY.md,vm/world/evidence/remediation_315/RCPW-17-R05.json,OPERATIONAL
265,RCPW-17-R06,17,QUORUM Fold Operator,Singularities and unsupported domains are explicit and fail closed.,PARTIAL,Requirement was applied to the design/traceability ledger but lacks a direct executable proof specific enough for OPERATIONAL status.,QP1/WQ2/AW1/WP1_SINGLE,T1_DIRECT_PROOF,FOLD_PROPERTY,17_QUORUM_FOLD_OPERATOR/265_RCPW_17_R06_SINGULARITIES_AND_UNSUPPORTED_DOMAINS_ARE_EXPLICIT_AND_FAIL_CLOSED.md,vm/world/evidence/remediation_315/RCPW-17-R06.json,OPERATIONAL
266,RCPW-17-R08,17,QUORUM Fold Operator,Interaction targeting round-trips to one canonical entity or fails explicitly; ambiguous aliases are forbidden.,PARTIAL,Requirement was applied to the design/traceability ledger but lacks a direct executable proof specific enough for OPERATIONAL status.,QP1/WQ2/AW1/WP1_SINGLE,T1_DIRECT_PROOF,FOLD_PROPERTY;IDENTITY_PERSISTENCE;AUTONOMOUS_HISTORY,17_QUORUM_FOLD_OPERATOR/266_RCPW_17_R08_INTERACTION_TARGETING_ROUND_TRIPS_TO_ONE_CANONICAL_ENTITY_OR_FAILS_EXPLICITLY_AMBIGUO.md,vm/world/evidence/remediation_315/RCPW-17-R08.json,OPERATIONAL
267,RCPW-17-R09,17,QUORUM Fold Operator,The near-field identity transform has measurable error bounds approaching numerical precision.,PARTIAL,Requirement was applied to the design/traceability ledger but lacks a direct executable proof specific enough for OPERATIONAL status.,QP1/WQ2/AW1/WP1_SINGLE,T1_DIRECT_PROOF,REFERENCE_PRECISION;IDENTITY_PERSISTENCE;MATHEMATICAL_VALIDATION,17_QUORUM_FOLD_OPERATOR/267_RCPW_17_R09_THE_NEAR_FIELD_IDENTITY_TRANSFORM_HAS_MEASURABLE_ERROR_BOUNDS_APPROACHING_NUMERICAL_P.md,vm/world/evidence/remediation_315/RCPW-17-R09.json,OPERATIONAL
268,RCPW-17-R10,17,QUORUM Fold Operator,Operator composition order is fixed and verified; reordering operators requires a versioned migration.,PARTIAL,Requirement was applied to the design/traceability ledger but lacks a direct executable proof specific enough for OPERATIONAL status.,QP1/WQ2/AW1/WP1_SINGLE,T1_DIRECT_PROOF,VERSION_MIGRATION;MATHEMATICAL_VALIDATION;AUTONOMOUS_HISTORY,17_QUORUM_FOLD_OPERATOR/268_RCPW_17_R10_OPERATOR_COMPOSITION_ORDER_IS_FIXED_AND_VERIFIED_REORDERING_OPERATORS_REQUIRES_A_VERS.md,vm/world/evidence/remediation_315/RCPW-17-R10.json,OPERATIONAL
269,RCPW-17-R15,17,QUORUM Fold Operator,"Fold-operator implementation exposes a canonical targeting service shared by interaction, navigation, audio landmarks, and debug tooling.",PARTIAL,"A bounded hosted reference mechanism or contract exists, but the requirement exceeds the implemented local fidelity or qualification scope.",QP1/WQ2/AW1/WP1_SINGLE,T2_HIGH_FIDELITY,FOLD_PROPERTY;PRESENTATION_REGRESSION;MATHEMATICAL_VALIDATION;AUTONOMOUS_HISTORY,17_QUORUM_FOLD_OPERATOR/269_RCPW_17_R15_FOLD_OPERATOR_IMPLEMENTATION_EXPOSES_A_CANONICAL_TARGETING_SERVICE_SHARED_BY_INTERACT.md,vm/world/evidence/remediation_315/RCPW-17-R15.json,OPERATIONAL
270,RCPW-17-R19,17,QUORUM Fold Operator,"Qualification includes randomized reference paths, moving landmarks, topology changes, portal crossings, and extreme entity density near fold horizons.",PARTIAL,"A bounded hosted reference mechanism or contract exists, but the requirement exceeds the implemented local fidelity or qualification scope.",QP1/WQ2/AW1/WP1_SINGLE,T2_HIGH_FIDELITY,REFERENCE_PRECISION;FOLD_PROPERTY;IDENTITY_PERSISTENCE;TRAVERSAL_PORTAL,17_QUORUM_FOLD_OPERATOR/270_RCPW_17_R19_QUALIFICATION_INCLUDES_RANDOMIZED_REFERENCE_PATHS_MOVING_LANDMARKS_TOPOLOGY_CHANGES_P.md,vm/world/evidence/remediation_315/RCPW-17-R19.json,OPERATIONAL
271,RCPW-17-R20,17,QUORUM Fold Operator,Fold-operator policy is distributed as immutable versioned configuration so all workers evaluating one canonical epoch use the same operator version.,PARTIAL,"A bounded hosted reference mechanism or contract exists, but the requirement exceeds the implemented local fidelity or qualification scope.",QP1/WQ2/AW1/WP1_SINGLE,T3_FABRIC,VERSION_MIGRATION;FOLD_PROPERTY;MULTI_WORKER_CONFORMANCE;MATHEMATICAL_VALIDATION;AUTONOMOUS_HISTORY,17_QUORUM_FOLD_OPERATOR/271_RCPW_17_R20_FOLD_OPERATOR_POLICY_IS_DISTRIBUTED_AS_IMMUTABLE_VERSIONED_CONFIGURATION_SO_ALL_WORKE.md,vm/world/evidence/remediation_315/RCPW-17-R20.json,OPERATIONAL
272,RCPW-17-R22,17,QUORUM Fold Operator,Canonical targeting never depends on which worker produced the visible representation.,PARTIAL,"A bounded hosted reference mechanism or contract exists, but the requirement exceeds the implemented local fidelity or qualification scope.",QP1/WQ2/AW1/WP1_SINGLE,T3_FABRIC,FOLD_PROPERTY;LOD_TRANSITION;MULTI_WORKER_CONFORMANCE,17_QUORUM_FOLD_OPERATOR/272_RCPW_17_R22_CANONICAL_TARGETING_NEVER_DEPENDS_ON_WHICH_WORKER_PRODUCED_THE_VISIBLE_REPRESENTATION.md,vm/world/evidence/remediation_315/RCPW-17-R22.json,OPERATIONAL
273,RCPW-17-R24,17,QUORUM Fold Operator,"Operator qualification includes heterogeneous workload placement, worker restart, policy rollback, and deterministic seam reconstruction.",PARTIAL,"A bounded hosted reference mechanism or contract exists, but the requirement exceeds the implemented local fidelity or qualification scope.",QP1/WQ2/AW1/WP1_SINGLE,T3_FABRIC,VERSION_MIGRATION;MULTI_WORKER_CONFORMANCE;MATHEMATICAL_VALIDATION;AUTONOMOUS_HISTORY,17_QUORUM_FOLD_OPERATOR/273_RCPW_17_R24_OPERATOR_QUALIFICATION_INCLUDES_HETEROGENEOUS_WORKLOAD_PLACEMENT_WORKER_RESTART_POLIC.md,vm/world/evidence/remediation_315/RCPW-17-R24.json,OPERATIONAL
274,RCPW-18-R02,18,Multiple Reference Points / Authority Wells,Overlapping wells never double-apply mutable world simulation.,PARTIAL,Requirement was applied to the design/traceability ledger but lacks a direct executable proof specific enough for OPERATIONAL status.,QP1/WQ2/AW1/WP1_SINGLE,T1_DIRECT_PROOF,DIRECT_EXECUTABLE_PROOF,18_MULTIPLE_REFERENCE_POINTS_AUTHORITY_WELLS/274_RCPW_18_R02_OVERLAPPING_WELLS_NEVER_DOUBLE_APPLY_MUTABLE_WORLD_SIMULATION.md,vm/world/evidence/remediation_315/RCPW-18-R02.json,OPERATIONAL
275,RCPW-18-R04,18,Multiple Reference Points / Authority Wells,"Wells can merge, split, migrate, expire, and hand off without state loss.",PARTIAL,Requirement was applied to the design/traceability ledger but lacks a direct executable proof specific enough for OPERATIONAL status.,QP1/WQ2/AW1/WP1_SINGLE,T1_DIRECT_PROOF,DIRECT_EXECUTABLE_PROOF,18_MULTIPLE_REFERENCE_POINTS_AUTHORITY_WELLS/275_RCPW_18_R04_WELLS_CAN_MERGE_SPLIT_MIGRATE_EXPIRE_AND_HAND_OFF_WITHOUT_STATE_LOSS.md,vm/world/evidence/remediation_315/RCPW-18-R04.json,OPERATIONAL
276,RCPW-18-R05,18,Multiple Reference Points / Authority Wells,Resource allocation across wells is bounded and starvation-aware.,PARTIAL,Requirement was applied to the design/traceability ledger but lacks a direct executable proof specific enough for OPERATIONAL status.,QP1/WQ2/AW1/WP1_SINGLE,T1_DIRECT_PROOF,ECOLOGY_CONSERVATION;RESOURCE_STRESS,18_MULTIPLE_REFERENCE_POINTS_AUTHORITY_WELLS/276_RCPW_18_R05_RESOURCE_ALLOCATION_ACROSS_WELLS_IS_BOUNDED_AND_STARVATION_AWARE.md,vm/world/evidence/remediation_315/RCPW-18-R05.json,OPERATIONAL
277,RCPW-18-R06,18,Multiple Reference Points / Authority Wells,The model can extend to multiplayer semantics without requiring multiplayer implementation.,PARTIAL,Requirement was applied to the design/traceability ledger but lacks a direct executable proof specific enough for OPERATIONAL status.,QP1/WQ2/AW1/WP1_SINGLE,T1_DIRECT_PROOF,DIRECT_EXECUTABLE_PROOF,18_MULTIPLE_REFERENCE_POINTS_AUTHORITY_WELLS/277_RCPW_18_R06_THE_MODEL_CAN_EXTEND_TO_MULTIPLAYER_SEMANTICS_WITHOUT_REQUIRING_MULTIPLAYER_IMPLEMENT.md,vm/world/evidence/remediation_315/RCPW-18-R06.json,OPERATIONAL
278,RCPW-18-R09,18,Multiple Reference Points / Authority Wells,Per-well budgets include reserve and eviction policy so one well cannot monopolize all simulation capacity.,PARTIAL,Requirement was applied to the design/traceability ledger but lacks a direct executable proof specific enough for OPERATIONAL status.,QP1/WQ2/AW1/WP1_SINGLE,T2_HIGH_FIDELITY,RESOURCE_STRESS;SCALE_SOAK,18_MULTIPLE_REFERENCE_POINTS_AUTHORITY_WELLS/278_RCPW_18_R09_PER_WELL_BUDGETS_INCLUDE_RESERVE_AND_EVICTION_POLICY_SO_ONE_WELL_CANNOT_MONOPOLIZE_AL.md,vm/world/evidence/remediation_315/RCPW-18-R09.json,OPERATIONAL
279,RCPW-18-R10,18,Multiple Reference Points / Authority Wells,Well retirement drains or transfers unresolved obligations before deallocation.,PARTIAL,Requirement was applied to the design/traceability ledger but lacks a direct executable proof specific enough for OPERATIONAL status.,QP1/WQ2/AW1/WP1_SINGLE,T1_DIRECT_PROOF,DIRECT_EXECUTABLE_PROOF,18_MULTIPLE_REFERENCE_POINTS_AUTHORITY_WELLS/279_RCPW_18_R10_WELL_RETIREMENT_DRAINS_OR_TRANSFERS_UNRESOLVED_OBLIGATIONS_BEFORE_DEALLOCATION.md,vm/world/evidence/remediation_315/RCPW-18-R10.json,OPERATIONAL
280,RCPW-18-R12,18,Multiple Reference Points / Authority Wells,Conflicting observers of the same remote event receive causally consistent outcomes even if presentation fidelity differs.,PARTIAL,Requirement was applied to the design/traceability ledger but lacks a direct executable proof specific enough for OPERATIONAL status.,QP1/WQ2/AW1/WP1_SINGLE,T1_DIRECT_PROOF,LOD_TRANSITION;CAUSAL_REPLAY,18_MULTIPLE_REFERENCE_POINTS_AUTHORITY_WELLS/280_RCPW_18_R12_CONFLICTING_OBSERVERS_OF_THE_SAME_REMOTE_EVENT_RECEIVE_CAUSALLY_CONSISTENT_OUTCOMES_E.md,vm/world/evidence/remediation_315/RCPW-18-R12.json,OPERATIONAL
281,RCPW-18-R14,18,Multiple Reference Points / Authority Wells,Speculative local work created for a temporary well is commit-gated or rollback-capable when the well expires or loses arbitration.,PARTIAL,Requirement was applied to the design/traceability ledger but lacks a direct executable proof specific enough for OPERATIONAL status.,QP1/WQ2/AW1/WP1_SINGLE,T1_DIRECT_PROOF,VERSION_MIGRATION,18_MULTIPLE_REFERENCE_POINTS_AUTHORITY_WELLS/281_RCPW_18_R14_SPECULATIVE_LOCAL_WORK_CREATED_FOR_A_TEMPORARY_WELL_IS_COMMIT_GATED_OR_ROLLBACK_CAPAB.md,vm/world/evidence/remediation_315/RCPW-18-R14.json,OPERATIONAL
282,RCPW-18-R18,18,Multiple Reference Points / Authority Wells,Presentation-only observers cannot acquire canonical mutation authority by merely increasing priority.,PARTIAL,Requirement was applied to the design/traceability ledger but lacks a direct executable proof specific enough for OPERATIONAL status.,QP1/WQ2/AW1/WP1_SINGLE,T1_DIRECT_PROOF,DIRECT_EXECUTABLE_PROOF,18_MULTIPLE_REFERENCE_POINTS_AUTHORITY_WELLS/282_RCPW_18_R18_PRESENTATION_ONLY_OBSERVERS_CANNOT_ACQUIRE_CANONICAL_MUTATION_AUTHORITY_BY_MERELY_INC.md,vm/world/evidence/remediation_315/RCPW-18-R18.json,OPERATIONAL
283,RCPW-18-R21,18,Multiple Reference Points / Authority Wells,Authority wells may move between workers without ending the underlying canonical event or resetting simulation fidelity debt.,PARTIAL,"A bounded hosted reference mechanism or contract exists, but the requirement exceeds the implemented local fidelity or qualification scope.",QP1/WQ2/AW1/WP1_SINGLE,T3_FABRIC,LOD_TRANSITION;CAUSAL_REPLAY;MULTI_WORKER_CONFORMANCE,18_MULTIPLE_REFERENCE_POINTS_AUTHORITY_WELLS/283_RCPW_18_R21_AUTHORITY_WELLS_MAY_MOVE_BETWEEN_WORKERS_WITHOUT_ENDING_THE_UNDERLYING_CANONICAL_EVEN.md,vm/world/evidence/remediation_315/RCPW-18-R21.json,OPERATIONAL
284,RCPW-18-R22,18,Multiple Reference Points / Authority Wells,Global reserve budgets protect canonical/event-barrier work when many wells compete.,PARTIAL,Requirement was applied to the design/traceability ledger but lacks a direct executable proof specific enough for OPERATIONAL status.,QP1/WQ2/AW1/WP1_SINGLE,T1_DIRECT_PROOF,CAUSAL_REPLAY;RESOURCE_STRESS,18_MULTIPLE_REFERENCE_POINTS_AUTHORITY_WELLS/284_RCPW_18_R22_GLOBAL_RESERVE_BUDGETS_PROTECT_CANONICAL_EVENT_BARRIER_WORK_WHEN_MANY_WELLS_COMPETE.md,vm/world/evidence/remediation_315/RCPW-18-R22.json,OPERATIONAL
285,RCPW-18-R23,18,Multiple Reference Points / Authority Wells,Well state is checkpointed and recoverable so worker loss does not silently dismiss remote high-priority events.,PARTIAL,"A bounded hosted reference mechanism or contract exists, but the requirement exceeds the implemented local fidelity or qualification scope.",QP1/WQ2/AW1/WP1_SINGLE,T3_FABRIC,CAUSAL_REPLAY;SAVE_RECOVERY;MULTI_WORKER_CONFORMANCE;AUTONOMOUS_HISTORY,18_MULTIPLE_REFERENCE_POINTS_AUTHORITY_WELLS/285_RCPW_18_R23_WELL_STATE_IS_CHECKPOINTED_AND_RECOVERABLE_SO_WORKER_LOSS_DOES_NOT_SILENTLY_DISMISS_R.md,vm/world/evidence/remediation_315/RCPW-18-R23.json,OPERATIONAL
286,RCPW-18-R24,18,Multiple Reference Points / Authority Wells,"Qualification includes large well counts, cross-worker overlap, event reservations, transport wells, recovery, and deterministic replay.",PARTIAL,"A bounded hosted reference mechanism or contract exists, but the requirement exceeds the implemented local fidelity or qualification scope.",QP1/WQ2/AW1/WP1_SINGLE,T3_FABRIC,CAUSAL_REPLAY;ECONOMY_CONSERVATION;SAVE_RECOVERY;MULTI_WORKER_CONFORMANCE,18_MULTIPLE_REFERENCE_POINTS_AUTHORITY_WELLS/286_RCPW_18_R24_QUALIFICATION_INCLUDES_LARGE_WELL_COUNTS_CROSS_WORKER_OVERLAP_EVENT_RESERVATIONS_TRAN.md,vm/world/evidence/remediation_315/RCPW-18-R24.json,OPERATIONAL
287,RCPW-18-R26,18,Multiple Reference Points / Authority Wells,"Autonomous world wells have strict budgets, expiration/escalation rules, and cannot monopolize simulation indefinitely.",PARTIAL,Requirement was applied to the design/traceability ledger but lacks a direct executable proof specific enough for OPERATIONAL status.,QP1/WQ2/AW1/WP1_SINGLE,T1_DIRECT_PROOF,RESOURCE_STRESS,18_MULTIPLE_REFERENCE_POINTS_AUTHORITY_WELLS/287_RCPW_18_R26_AUTONOMOUS_WORLD_WELLS_HAVE_STRICT_BUDGETS_EXPIRATION_ESCALATION_RULES_AND_CANNOT_MON.md,vm/world/evidence/remediation_315/RCPW-18-R26.json,OPERATIONAL
288,RCPW-18-R27,18,Multiple Reference Points / Authority Wells,Historical or generational events spanning many agents/regions use hierarchical wells or equivalent aggregation rather than materializing every participant.,PARTIAL,"A bounded hosted reference mechanism or contract exists, but the requirement exceeds the implemented local fidelity or qualification scope.",QP1/WQ2/AW1/WP1_SINGLE,T2_HIGH_FIDELITY,CAUSAL_REPLAY;MATERIALIZATION_READINESS;AUTONOMOUS_HISTORY,18_MULTIPLE_REFERENCE_POINTS_AUTHORITY_WELLS/288_RCPW_18_R27_HISTORICAL_OR_GENERATIONAL_EVENTS_SPANNING_MANY_AGENTS_REGIONS_USE_HIERARCHICAL_WELLS.md,vm/world/evidence/remediation_315/RCPW-18-R27.json,OPERATIONAL
289,RCPW-18-R28,18,Multiple Reference Points / Authority Wells,"Well state survives era transition, archive/rehydration, repartition, and worker recovery when unresolved obligations remain.",PARTIAL,"A bounded hosted reference mechanism or contract exists, but the requirement exceeds the implemented local fidelity or qualification scope.",QP1/WQ2/AW1/WP1_SINGLE,T3_FABRIC,SAVE_RECOVERY;MULTI_WORKER_CONFORMANCE;AUTONOMOUS_HISTORY,18_MULTIPLE_REFERENCE_POINTS_AUTHORITY_WELLS/289_RCPW_18_R28_WELL_STATE_SURVIVES_ERA_TRANSITION_ARCHIVE_REHYDRATION_REPARTITION_AND_WORKER_RECOVER.md,vm/world/evidence/remediation_315/RCPW-18-R28.json,OPERATIONAL
290,RCPW-18-R29,18,Multiple Reference Points / Authority Wells,"Qualification includes simultaneous autonomous world events, multi-generation succession, player-created wells, and deterministic arbitration across archival boundaries.",PARTIAL,"A bounded hosted reference mechanism or contract exists, but the requirement exceeds the implemented local fidelity or qualification scope.",QP1/WQ2/AW1/WP1_SINGLE,T2_HIGH_FIDELITY,CAUSAL_REPLAY;AUTONOMOUS_HISTORY,18_MULTIPLE_REFERENCE_POINTS_AUTHORITY_WELLS/290_RCPW_18_R29_QUALIFICATION_INCLUDES_SIMULTANEOUS_AUTONOMOUS_WORLD_EVENTS_MULTI_GENERATION_SUCCESSI.md,vm/world/evidence/remediation_315/RCPW-18-R29.json,OPERATIONAL
291,RCPW-19-R01,19,World-State Ledger,World-state history is append-only or equivalently tamper-evident and causally linked.,PARTIAL,Requirement was applied to the design/traceability ledger but lacks a direct executable proof specific enough for OPERATIONAL status.,QP1/WQ2/AW1/WP1_SINGLE,T1_DIRECT_PROOF,CAUSAL_REPLAY;NARRATIVE_KNOWLEDGE,19_WORLD_STATE_LEDGER/291_RCPW_19_R01_WORLD_STATE_HISTORY_IS_APPEND_ONLY_OR_EQUIVALENTLY_TAMPER_EVIDENT_AND_CAUSALLY_LINKED.md,vm/world/evidence/remediation_315/RCPW-19-R01.json,OPERATIONAL
292,RCPW-19-R02,19,World-State Ledger,High-value consequences remain individually queryable while repetitive low-value events may be safely aggregated.,PARTIAL,Requirement was applied to the design/traceability ledger but lacks a direct executable proof specific enough for OPERATIONAL status.,QP1/WQ2/AW1/WP1_SINGLE,T1_DIRECT_PROOF,CAUSAL_REPLAY,19_WORLD_STATE_LEDGER/292_RCPW_19_R02_HIGH_VALUE_CONSEQUENCES_REMAIN_INDIVIDUALLY_QUERYABLE_WHILE_REPETITIVE_LOW_VALUE_EVEN.md,vm/world/evidence/remediation_315/RCPW-19-R02.json,OPERATIONAL
293,RCPW-19-R09,19,World-State Ledger,"Historical queries expose whether results are exact, aggregated, inferred, or unavailable.",PARTIAL,Requirement was applied to the design/traceability ledger but lacks a direct executable proof specific enough for OPERATIONAL status.,QP1/WQ2/AW1/WP1_SINGLE,T1_DIRECT_PROOF,DIRECT_EXECUTABLE_PROOF,19_WORLD_STATE_LEDGER/293_RCPW_19_R09_HISTORICAL_QUERIES_EXPOSE_WHETHER_RESULTS_ARE_EXACT_AGGREGATED_INFERRED_OR_UNAVAILABL.md,vm/world/evidence/remediation_315/RCPW-19-R09.json,OPERATIONAL
294,RCPW-19-R12,19,World-State Ledger,"Indexes, summaries, and analytics are rebuildable derived products and never sole canonical authority.",PARTIAL,Requirement was applied to the design/traceability ledger but lacks a direct executable proof specific enough for OPERATIONAL status.,QP1/WQ2/AW1/WP1_SINGLE,T1_DIRECT_PROOF,DIRECT_EXECUTABLE_PROOF,19_WORLD_STATE_LEDGER/294_RCPW_19_R12_INDEXES_SUMMARIES_AND_ANALYTICS_ARE_REBUILDABLE_DERIVED_PRODUCTS_AND_NEVER_SOLE_CANON.md,vm/world/evidence/remediation_315/RCPW-19-R12.json,OPERATIONAL
295,RCPW-19-R14,19,World-State Ledger,Materialized historical evidence links back to the exact or aggregate causal records that justify its presence.,PARTIAL,Requirement was applied to the design/traceability ledger but lacks a direct executable proof specific enough for OPERATIONAL status.,QP1/WQ2/AW1/WP1_SINGLE,T1_DIRECT_PROOF,CAUSAL_REPLAY;MATERIALIZATION_READINESS,19_WORLD_STATE_LEDGER/295_RCPW_19_R14_MATERIALIZED_HISTORICAL_EVIDENCE_LINKS_BACK_TO_THE_EXACT_OR_AGGREGATE_CAUSAL_RECORDS_.md,vm/world/evidence/remediation_315/RCPW-19-R14.json,OPERATIONAL
296,RCPW-19-R16,19,World-State Ledger,Historical reconstruction can regenerate material evidence while preserving a link to the source event model/version and uncertainty class.,PARTIAL,Requirement was applied to the design/traceability ledger but lacks a direct executable proof specific enough for OPERATIONAL status.,QP1/WQ2/AW1/WP1_SINGLE,T1_DIRECT_PROOF,VERSION_MIGRATION;CAUSAL_REPLAY;MATERIALIZATION_READINESS;AUTONOMOUS_HISTORY,19_WORLD_STATE_LEDGER/296_RCPW_19_R16_HISTORICAL_RECONSTRUCTION_CAN_REGENERATE_MATERIAL_EVIDENCE_WHILE_PRESERVING_A_LINK_TO.md,vm/world/evidence/remediation_315/RCPW-19-R16.json,OPERATIONAL
297,RCPW-19-R24,19,World-State Ledger,"Qualification includes re-sharding, archive compaction, replica recovery, partial index loss, cross-version migration, and global causal query replay.",PARTIAL,"A bounded hosted reference mechanism or contract exists, but the requirement exceeds the implemented local fidelity or qualification scope.",QP1/WQ2/AW1/WP1_SINGLE,T3_FABRIC,VERSION_MIGRATION;CAUSAL_REPLAY;SAVE_RECOVERY;MULTI_WORKER_CONFORMANCE;AUTONOMOUS_HISTORY,19_WORLD_STATE_LEDGER/297_RCPW_19_R24_QUALIFICATION_INCLUDES_RE_SHARDING_ARCHIVE_COMPACTION_REPLICA_RECOVERY_PARTIAL_INDEX_.md,vm/world/evidence/remediation_315/RCPW-19-R24.json,OPERATIONAL
298,RCPW-19-R26,19,World-State Ledger,"Historical compaction maintains a proof boundary identifying which details are exact, aggregated, reconstructed, or permanently unavailable.",PARTIAL,Requirement was applied to the design/traceability ledger but lacks a direct executable proof specific enough for OPERATIONAL status.,QP1/WQ2/AW1/WP1_SINGLE,T1_DIRECT_PROOF,CAUSAL_REPLAY,19_WORLD_STATE_LEDGER/298_RCPW_19_R26_HISTORICAL_COMPACTION_MAINTAINS_A_PROOF_BOUNDARY_IDENTIFYING_WHICH_DETAILS_ARE_EXACT_.md,vm/world/evidence/remediation_315/RCPW-19-R26.json,OPERATIONAL
299,RCPW-20-R05,20,Core Architecture + System Invariants,Global invariant: rendering/optimization cannot silently mutate canonical truth.,PARTIAL,"A bounded hosted reference mechanism or contract exists, but the requirement exceeds the implemented local fidelity or qualification scope.",QP1/WQ2/AW1/WP1_SINGLE,T2_HIGH_FIDELITY,PRESENTATION_REGRESSION,20_CORE_ARCHITECTURE_SYSTEM_INVARIANTS/299_RCPW_20_R05_GLOBAL_INVARIANT_RENDERING_OPTIMIZATION_CANNOT_SILENTLY_MUTATE_CANONICAL_TRUTH.md,vm/world/evidence/remediation_315/RCPW-20-R05.json,OPERATIONAL
300,RCPW-20-R06,20,Core Architecture + System Invariants,"Global invariant: no documentation-only, mock, placeholder, or self-declared PASS qualifies an operational gate.",PARTIAL,Requirement was applied to the design/traceability ledger but lacks a direct executable proof specific enough for OPERATIONAL status.,QP1/WQ2/AW1/WP1_SINGLE,T1_DIRECT_PROOF,AUTONOMOUS_HISTORY,20_CORE_ARCHITECTURE_SYSTEM_INVARIANTS/300_RCPW_20_R06_GLOBAL_INVARIANT_NO_DOCUMENTATION_ONLY_MOCK_PLACEHOLDER_OR_SELF_DECLARED_PASS_QUALIFI.md,vm/world/evidence/remediation_315/RCPW-20-R06.json,OPERATIONAL
301,RCPW-20-R09,20,Core Architecture + System Invariants,"The integrated scheduler defines deterministic phase ordering for canonical mutation, remote simulation, folding, materialization, physics, rendering views, ledger commit, and checkpointing.",PARTIAL,"A bounded hosted reference mechanism or contract exists, but the requirement exceeds the implemented local fidelity or qualification scope.",QP1/WQ2/AW1/WP1_SINGLE,T2_HIGH_FIDELITY,FOLD_PROPERTY;CAUSAL_REPLAY;MATERIALIZATION_READINESS;PRESENTATION_REGRESSION;SAVE_RECOVERY,20_CORE_ARCHITECTURE_SYSTEM_INVARIANTS/301_RCPW_20_R09_THE_INTEGRATED_SCHEDULER_DEFINES_DETERMINISTIC_PHASE_ORDERING_FOR_CANONICAL_MUTATION_.md,vm/world/evidence/remediation_315/RCPW-20-R09.json,OPERATIONAL
302,RCPW-20-R10,20,Core Architecture + System Invariants,A global resource governor protects canonical/persistence/ledger work before derived simulation and rendering quality.,PARTIAL,"A bounded hosted reference mechanism or contract exists, but the requirement exceeds the implemented local fidelity or qualification scope.",QP1/WQ2/AW1/WP1_SINGLE,T2_HIGH_FIDELITY,CAUSAL_REPLAY;ECOLOGY_CONSERVATION;PRESENTATION_REGRESSION;RESOURCE_STRESS,20_CORE_ARCHITECTURE_SYSTEM_INVARIANTS/302_RCPW_20_R10_A_GLOBAL_RESOURCE_GOVERNOR_PROTECTS_CANONICAL_PERSISTENCE_LEDGER_WORK_BEFORE_DERIVED_.md,vm/world/evidence/remediation_315/RCPW-20-R10.json,OPERATIONAL
303,RCPW-20-R12,20,Core Architecture + System Invariants,"Release promotion requires a reproducible build manifest, test corpus digest, evidence digest, unresolved-risk register, and rollback plan.",PARTIAL,Requirement was applied to the design/traceability ledger but lacks a direct executable proof specific enough for OPERATIONAL status.,QP1/WQ2/AW1/WP1_SINGLE,T1_DIRECT_PROOF,VERSION_MIGRATION;LOD_TRANSITION,20_CORE_ARCHITECTURE_SYSTEM_INVARIANTS/303_RCPW_20_R12_RELEASE_PROMOTION_REQUIRES_A_REPRODUCIBLE_BUILD_MANIFEST_TEST_CORPUS_DIGEST_EVIDENCE_.md,vm/world/evidence/remediation_315/RCPW-20-R12.json,OPERATIONAL
304,RCPW-20-R15,20,Core Architecture + System Invariants,"The final release gate executes the Golden World suite plus a content-scale worldbuilding scenario containing regions, settlements, interiors, ecology, economy, transport, weather, narrative wells, and persistent history.",PARTIAL,"A bounded hosted reference mechanism or contract exists, but the requirement exceeds the implemented local fidelity or qualification scope.",QP1/WQ2/AW1/WP1_SINGLE,T2_HIGH_FIDELITY,IDENTITY_PERSISTENCE;CAUSAL_REPLAY;ECOLOGY_CONSERVATION;ECONOMY_CONSERVATION;NARRATIVE_KNOWLEDGE;SCALE_SOAK,20_CORE_ARCHITECTURE_SYSTEM_INVARIANTS/304_RCPW_20_R15_THE_FINAL_RELEASE_GATE_EXECUTES_THE_GOLDEN_WORLD_SUITE_PLUS_A_CONTENT_SCALE_WORLDBUIL.md,vm/world/evidence/remediation_315/RCPW-20-R15.json,OPERATIONAL
305,RCPW-20-R16,20,Core Architecture + System Invariants,"Release promotion requires a rollback-tested package, risk disposition, reproducible build/test manifest, compatibility matrix, and explicit statement of which qualification profiles are actually OPERATIONAL.",PARTIAL,Requirement was applied to the design/traceability ledger but lacks a direct executable proof specific enough for OPERATIONAL status.,QP1/WQ2/AW1/WP1_SINGLE,T1_DIRECT_PROOF,VERSION_MIGRATION;LOD_TRANSITION;AUTONOMOUS_HISTORY,20_CORE_ARCHITECTURE_SYSTEM_INVARIANTS/305_RCPW_20_R16_RELEASE_PROMOTION_REQUIRES_A_ROLLBACK_TESTED_PACKAGE_RISK_DISPOSITION_REPRODUCIBLE_BU.md,vm/world/evidence/remediation_315/RCPW-20-R16.json,OPERATIONAL
306,RCPW-20-R17,20,Core Architecture + System Invariants,"The integrated architecture includes a deterministic world compiler that validates and emits canonical world metadata, dependency graphs, topology, content hashes, seeds, visibility/portal data, and runtime manifests.",PARTIAL,"A bounded hosted reference mechanism or contract exists, but the requirement exceeds the implemented local fidelity or qualification scope.",QP1/WQ2/AW1/WP1_SINGLE,T2_HIGH_FIDELITY,FOLD_PROPERTY;PRESENTATION_REGRESSION;TRAVERSAL_PORTAL,20_CORE_ARCHITECTURE_SYSTEM_INVARIANTS/306_RCPW_20_R17_THE_INTEGRATED_ARCHITECTURE_INCLUDES_A_DETERMINISTIC_WORLD_COMPILER_THAT_VALIDATES_AN.md,vm/world/evidence/remediation_315/RCPW-20-R17.json,OPERATIONAL
307,RCPW-20-R18,20,Core Architecture + System Invariants,"The runtime kernel has a versioned service ABI defining canonical mutation, scheduler phases, ledger commit, LOD/fold planning, materialization, navigation, AI, environment, rendering views, save/replay, and diagnostics.",PARTIAL,"A bounded hosted reference mechanism or contract exists, but the requirement exceeds the implemented local fidelity or qualification scope.",QP1/WQ2/AW1/WP1_SINGLE,T2_HIGH_FIDELITY,VERSION_MIGRATION;FOLD_PROPERTY;LOD_TRANSITION;CAUSAL_REPLAY;MATERIALIZATION_READINESS;PRESENTATION_REGRESSION;SAVE_RECOVERY,20_CORE_ARCHITECTURE_SYSTEM_INVARIANTS/307_RCPW_20_R18_THE_RUNTIME_KERNEL_HAS_A_VERSIONED_SERVICE_ABI_DEFINING_CANONICAL_MUTATION_SCHEDULER_.md,vm/world/evidence/remediation_315/RCPW-20-R18.json,OPERATIONAL
308,RCPW-20-R19,20,Core Architecture + System Invariants,"The final qualification executes a content-scale world containing wilderness, multiple settlements, interiors, transport networks, ecology, economy, law/reputation, weather, narrative events, persistent agents, and long-lived history under continuous folding.",PARTIAL,"A bounded hosted reference mechanism or contract exists, but the requirement exceeds the implemented local fidelity or qualification scope.",QP1/WQ2/AW1/WP1_SINGLE,T2_HIGH_FIDELITY,FOLD_PROPERTY;IDENTITY_PERSISTENCE;CAUSAL_REPLAY;ECOLOGY_CONSERVATION;ECONOMY_CONSERVATION;NARRATIVE_KNOWLEDGE;SCALE_SOAK,20_CORE_ARCHITECTURE_SYSTEM_INVARIANTS/308_RCPW_20_R19_THE_FINAL_QUALIFICATION_EXECUTES_A_CONTENT_SCALE_WORLD_CONTAINING_WILDERNESS_MULTIPLE.md,vm/world/evidence/remediation_315/RCPW-20-R19.json,OPERATIONAL
309,RCPW-20-R21,20,Core Architecture + System Invariants,"The 5.0 promotion gate requires all mandatory QP/WQ gates, 40 Golden World scenarios, long-soak stability, rollback proof, world-package reproducibility, runtime ABI compatibility, and an explicit blocker ledger.",PARTIAL,"A bounded hosted reference mechanism or contract exists, but the requirement exceeds the implemented local fidelity or qualification scope.",QP1/WQ2/AW1/WP1_SINGLE,T2_HIGH_FIDELITY,VERSION_MIGRATION;LOD_TRANSITION;CAUSAL_REPLAY;SCALE_SOAK,20_CORE_ARCHITECTURE_SYSTEM_INVARIANTS/309_RCPW_20_R21_THE_5_0_PROMOTION_GATE_REQUIRES_ALL_MANDATORY_QP_WQ_GATES_40_GOLDEN_WORLD_SCENARIOS_L.md,vm/world/evidence/remediation_315/RCPW-20-R21.json,OPERATIONAL
310,RCPW-20-R22,20,Core Architecture + System Invariants,The integrated 6.0 architecture defines a sovereign world fabric that can run as one process or many deterministic workers without changing canonical world semantics.,PARTIAL,"A bounded hosted reference mechanism or contract exists, but the requirement exceeds the implemented local fidelity or qualification scope.",QP1/WQ2/AW1/WP1_SINGLE,T3_FABRIC,MULTI_WORKER_CONFORMANCE,20_CORE_ARCHITECTURE_SYSTEM_INVARIANTS/310_RCPW_20_R22_THE_INTEGRATED_6_0_ARCHITECTURE_DEFINES_A_SOVEREIGN_WORLD_FABRIC_THAT_CAN_RUN_AS_ONE_.md,vm/world/evidence/remediation_315/RCPW-20-R22.json,OPERATIONAL
311,RCPW-20-R23,20,Core Architecture + System Invariants,"The runtime includes deterministic partitioning/ownership, transactional cross-partition mutation, global ledger ordering, coherent checkpointing, worker recovery, and headless verification contracts.",PARTIAL,"A bounded hosted reference mechanism or contract exists, but the requirement exceeds the implemented local fidelity or qualification scope.",QP1/WQ2/AW1/WP1_SINGLE,T3_FABRIC,TRANSACTION_CONCURRENCY;CAUSAL_REPLAY;SAVE_RECOVERY;MULTI_WORKER_CONFORMANCE,20_CORE_ARCHITECTURE_SYSTEM_INVARIANTS/311_RCPW_20_R23_THE_RUNTIME_INCLUDES_DETERMINISTIC_PARTITIONING_OWNERSHIP_TRANSACTIONAL_CROSS_PARTITI.md,vm/world/evidence/remediation_315/RCPW-20-R23.json,OPERATIONAL
312,RCPW-20-R26,20,Core Architecture + System Invariants,"The 6.0 promotion gate requires all mandatory QP/WQ gates, 60 Golden World scenarios, deterministic-parallel conformance, hot-patch/rollback qualification, re-partition recovery, long-soak/chaos evidence, and a complete unresolved-blocker ledger.",PARTIAL,"A bounded hosted reference mechanism or contract exists, but the requirement exceeds the implemented local fidelity or qualification scope.",QP1/WQ2/AW1/WP1_SINGLE,T3_FABRIC,VERSION_MIGRATION;LOD_TRANSITION;CAUSAL_REPLAY;SAVE_RECOVERY;MULTI_WORKER_CONFORMANCE;SCALE_SOAK,20_CORE_ARCHITECTURE_SYSTEM_INVARIANTS/312_RCPW_20_R26_THE_6_0_PROMOTION_GATE_REQUIRES_ALL_MANDATORY_QP_WQ_GATES_60_GOLDEN_WORLD_SCENARIOS_D.md,vm/world/evidence/remediation_315/RCPW-20-R26.json,OPERATIONAL
313,RCPW-20-R29,20,Core Architecture + System Invariants,"The runtime includes knowledge-locality, generational agent/institution succession, settlement/infrastructure evolution, long-horizon world simulation, archival compaction, and causal rehydration services.",PARTIAL,"A bounded hosted reference mechanism or contract exists, but the requirement exceeds the implemented local fidelity or qualification scope.",QP1/WQ2/AW1/WP1_SINGLE,T2_HIGH_FIDELITY,FOLD_PROPERTY;CAUSAL_REPLAY;ECONOMY_CONSERVATION;NARRATIVE_KNOWLEDGE;AUTONOMOUS_HISTORY,20_CORE_ARCHITECTURE_SYSTEM_INVARIANTS/313_RCPW_20_R29_THE_RUNTIME_INCLUDES_KNOWLEDGE_LOCALITY_GENERATIONAL_AGENT_INSTITUTION_SUCCESSION_SET.md,vm/world/evidence/remediation_315/RCPW-20-R29.json,OPERATIONAL
314,RCPW-20-R30,20,Core Architecture + System Invariants,The final qualification compares autonomous long-horizon evolution across deterministic worker layouts and validates that world expansion does not perturb prior canonical history outside declared mutations.,PARTIAL,"A bounded hosted reference mechanism or contract exists, but the requirement exceeds the implemented local fidelity or qualification scope.",QP1/WQ2/AW1/WP1_SINGLE,T3_FABRIC,FOLD_PROPERTY;CAUSAL_REPLAY;NARRATIVE_KNOWLEDGE;MULTI_WORKER_CONFORMANCE;AUTONOMOUS_HISTORY,20_CORE_ARCHITECTURE_SYSTEM_INVARIANTS/314_RCPW_20_R30_THE_FINAL_QUALIFICATION_COMPARES_AUTONOMOUS_LONG_HORIZON_EVOLUTION_ACROSS_DETERMINIST.md,vm/world/evidence/remediation_315/RCPW-20-R30.json,OPERATIONAL
315,RCPW-20-R31,20,Core Architecture + System Invariants,"The 7.0 promotion gate requires all mandatory QP/WQ gates, 80 Golden World scenarios, autonomous-world conformance, era/archive/rehydration qualification, knowledge-locality tests, multi-generation soak evidence, and an explicit blocker/risk ledger.",PARTIAL,"A bounded hosted reference mechanism or contract exists, but the requirement exceeds the implemented local fidelity or qualification scope.",QP1/WQ2/AW1/WP1_SINGLE,T2_HIGH_FIDELITY,LOD_TRANSITION;CAUSAL_REPLAY;NARRATIVE_KNOWLEDGE;AUTONOMOUS_HISTORY;SCALE_SOAK,20_CORE_ARCHITECTURE_SYSTEM_INVARIANTS/315_RCPW_20_R31_THE_7_0_PROMOTION_GATE_REQUIRES_ALL_MANDATORY_QP_WQ_GATES_80_GOLDEN_WORLD_SCENARIOS_A.md,vm/world/evidence/remediation_315/RCPW-20-R31.json,OPERATIONAL
