requirement_id,stage,stage_title,requirement,introduced_in,semantic_clause,source_path,source_symbol_or_row,compiler_artifact,runtime_service,partition_or_owner,transaction_class,world_era,provenance_class,knowledge_scope,archive_class,test_id,test_command,observed_exit_code,evidence_path,evidence_sha256,qp_profile,wq_profile,worker_profile,autonomous_profile,gate,status,blocker,notes
RCPW-01-R01,1,Canonical World Authority,"Canonical coordinates and units are explicit, versioned, precision-bounded, and independent of render/reference coordinates.",pre-7.0,,,,,,,,,,,,,,,,,,,,,,NOT_STARTED,,
RCPW-01-R02,1,Canonical World Authority,Every persistent entity has a globally stable identity and versioned schema.,pre-7.0,,,,,,,,,,,,,,,,,,,,,,NOT_STARTED,,
RCPW-01-R03,1,Canonical World Authority,"All authoritative mutations are transactional, attributable, ledger-linked, and replayable.",pre-7.0,,,,,,,,,,,,,,,,,,,,,,NOT_STARTED,,
RCPW-01-R04,1,Canonical World Authority,Snapshots plus causal ledger ranges reconstruct authoritative state deterministically.,pre-7.0,,,,,,,,,,,,,,,,,,,,,,NOT_STARTED,,
RCPW-01-R05,1,Canonical World Authority,"Derived rendering, physics, cache, and reference-space systems cannot mutate canonical truth outside declared APIs.",pre-7.0,,,,,,,,,,,,,,,,,,,,,,NOT_STARTED,,
RCPW-01-R06,1,Canonical World Authority,Schema migration and rollback preserve identity and causal history across versions.,pre-7.0,,,,,,,,,,,,,,,,,,,,,,NOT_STARTED,,
RCPW-02-R01,2,Reference Frame Authority,"Canonical↔reference transforms are explicit, deterministic, bounded, and round-trip tested.",pre-7.0,,,,,,,,,,,,,,,,,,,,,,NOT_STARTED,,
RCPW-02-R02,2,Reference Frame Authority,"Origin rebasing cannot alter canonical coordinates, velocities, or historical identity.",pre-7.0,,,,,,,,,,,,,,,,,,,,,,NOT_STARTED,,
RCPW-02-R03,2,Reference Frame Authority,Reference handoff between entities is transactional and continuity-preserving.,pre-7.0,,,,,,,,,,,,,,,,,,,,,,NOT_STARTED,,
RCPW-02-R04,2,Reference Frame Authority,Precision error remains below declared limits at all supported canonical distances.,pre-7.0,,,,,,,,,,,,,,,,,,,,,,NOT_STARTED,,
RCPW-02-R05,2,Reference Frame Authority,"Physics, rendering, audio, navigation, and interaction consume reference state without becoming canonical authority.",pre-7.0,,,,,,,,,,,,,,,,,,,,,,NOT_STARTED,,
RCPW-02-R06,2,Reference Frame Authority,Reference state can be discarded and reconstructed entirely from canonical truth plus current reference selection.,pre-7.0,,,,,,,,,,,,,,,,,,,,,,NOT_STARTED,,
RCPW-03-R01,3,Fold Geometry Authority,The visible fold transform is continuous and monotonically distance-preserving in ordering.,pre-7.0,,,,,,,,,,,,,,,,,,,,,,NOT_STARTED,,
RCPW-03-R02,3,Fold Geometry Authority,The fold has an explicit finite projected horizon and declared near-field identity region.,pre-7.0,,,,,,,,,,,,,,,,,,,,,,NOT_STARTED,,
RCPW-03-R03,3,Fold Geometry Authority,Canonical geometry is never destructively deformed by the fold representation.,pre-7.0,,,,,,,,,,,,,,,,,,,,,,NOT_STARTED,,
RCPW-03-R04,3,Fold Geometry Authority,"Unfolding is stable, deterministic, and free of topological identity swaps.",pre-7.0,,,,,,,,,,,,,,,,,,,,,,NOT_STARTED,,
RCPW-03-R05,3,Fold Geometry Authority,"Roads, rivers, terrain, rail, navigation links, settlements, and long structures have declared fold semantics.",pre-7.0,,,,,,,,,,,,,,,,,,,,,,NOT_STARTED,,
RCPW-03-R06,3,Fold Geometry Authority,"Singularities, self-intersections, discontinuities, and invalid inverse regions are detected and fail safely.",pre-7.0,,,,,,,,,,,,,,,,,,,,,,NOT_STARTED,,
RCPW-04-R01,4,Simulation LOD Authority,Every persistent entity class has a declared simulation representation ladder.,pre-7.0,,,,,,,,,,,,,,,,,,,,,,NOT_STARTED,,
RCPW-04-R02,4,Simulation LOD Authority,"Promotion/demotion preserves identity, causal obligations, and gameplay-significant state.",pre-7.0,,,,,,,,,,,,,,,,,,,,,,NOT_STARTED,,
RCPW-04-R03,4,Simulation LOD Authority,Hysteresis prevents transition thrashing.,pre-7.0,,,,,,,,,,,,,,,,,,,,,,NOT_STARTED,,
RCPW-04-R04,4,Simulation LOD Authority,"LOD decisions combine distance with visibility, causality, narrative gravity, threat, and resource budgets.",pre-7.0,,,,,,,,,,,,,,,,,,,,,,NOT_STARTED,,
RCPW-04-R05,4,Simulation LOD Authority,Resource exhaustion degrades fidelity without silently erasing authoritative state.,pre-7.0,,,,,,,,,,,,,,,,,,,,,,NOT_STARTED,,
RCPW-04-R06,4,Simulation LOD Authority,LOD decisions are replayable from recorded deterministic inputs.,pre-7.0,,,,,,,,,,,,,,,,,,,,,,NOT_STARTED,,
RCPW-05-R01,5,Entity Persistence Authority,Gameplay-significant entities are not deleted because of distance or invisibility.,pre-7.0,,,,,,,,,,,,,,,,,,,,,,NOT_STARTED,,
RCPW-05-R02,5,Entity Persistence Authority,"Identity, ownership, health, inventory, relationships, goals, schedule, and causal obligations survive abstraction.",pre-7.0,,,,,,,,,,,,,,,,,,,,,,NOT_STARTED,,
RCPW-05-R03,5,Entity Persistence Authority,"Creation, destruction, death, consumption, transfer, and retirement are explicit world events rather than streaming side effects.",pre-7.0,,,,,,,,,,,,,,,,,,,,,,NOT_STARTED,,
RCPW-05-R04,5,Entity Persistence Authority,Parent/child and container/member relationships remain referentially valid through every representation transition.,pre-7.0,,,,,,,,,,,,,,,,,,,,,,NOT_STARTED,,
RCPW-05-R05,5,Entity Persistence Authority,Rehydration cannot duplicate or fork an entity.,pre-7.0,,,,,,,,,,,,,,,,,,,,,,NOT_STARTED,,
RCPW-05-R06,5,Entity Persistence Authority,"Long-run persistence is verifiable across save/load, crash recovery, and repeated folding.",pre-7.0,,,,,,,,,,,,,,,,,,,,,,NOT_STARTED,,
RCPW-06-R01,6,Causal Ledger Authority,Durable world mutations emit causally linked events with deterministic IDs.,pre-7.0,,,,,,,,,,,,,,,,,,,,,,NOT_STARTED,,
RCPW-06-R02,6,Causal Ledger Authority,"Events record time, actor/entity, canonical location, cause, pre-state/post-state references, authority level, seed, and dependencies.",pre-7.0,,,,,,,,,,,,,,,,,,,,,,NOT_STARTED,,
RCPW-06-R03,6,Causal Ledger Authority,Replay from a trusted snapshot produces equivalent authoritative world state.,pre-7.0,,,,,,,,,,,,,,,,,,,,,,NOT_STARTED,,
RCPW-06-R04,6,Causal Ledger Authority,Conflicting concurrent mutations are detected and resolved by an explicit policy.,pre-7.0,,,,,,,,,,,,,,,,,,,,,,NOT_STARTED,,
RCPW-06-R05,6,Causal Ledger Authority,Ledger integrity is hash-bound and partial/corrupt tails fail closed.,pre-7.0,,,,,,,,,,,,,,,,,,,,,,NOT_STARTED,,
RCPW-06-R06,6,Causal Ledger Authority,Ephemeral telemetry is separated from durable causal history.,pre-7.0,,,,,,,,,,,,,,,,,,,,,,NOT_STARTED,,
RCPW-07-R01,7,Ecology Authority,Local individual and remote cohort/statistical ecology share one authoritative ecological state model.,pre-7.0,,,,,,,,,,,,,,,,,,,,,,NOT_STARTED,,
RCPW-07-R02,7,Ecology Authority,Promotion/demotion between individuals and cohorts is mass/population consistent within declared tolerances.,pre-7.0,,,,,,,,,,,,,,,,,,,,,,NOT_STARTED,,
RCPW-07-R03,7,Ecology Authority,Remote ecological interactions create durable consequences that can later materialize locally.,pre-7.0,,,,,,,,,,,,,,,,,,,,,,NOT_STARTED,,
RCPW-07-R04,7,Ecology Authority,"Weather, season, terrain, food, predation, disease, hunting, and human settlement can influence ecology through explicit couplings.",pre-7.0,,,,,,,,,,,,,,,,,,,,,,NOT_STARTED,,
RCPW-07-R05,7,Ecology Authority,Random ecological resolutions are deterministic under recorded seeds.,pre-7.0,,,,,,,,,,,,,,,,,,,,,,NOT_STARTED,,
RCPW-07-R06,7,Ecology Authority,Long-run population behavior is bounded and audited for artificial explosions/extinctions caused by LOD transitions.,pre-7.0,,,,,,,,,,,,,,,,,,,,,,NOT_STARTED,,
RCPW-08-R01,8,Civilization / Economy Authority,Settlements retain authoritative economic and social state when outside local rendering range.,pre-7.0,,,,,,,,,,,,,,,,,,,,,,NOT_STARTED,,
RCPW-08-R02,8,Civilization / Economy Authority,Individual citizens and aggregate households/cohorts convert without duplicating or erasing population.,pre-7.0,,,,,,,,,,,,,,,,,,,,,,NOT_STARTED,,
RCPW-08-R03,8,Civilization / Economy Authority,"Production, consumption, inventory, transport, scarcity, pricing, labor, migration, crime, and law have explicit state transitions.",pre-7.0,,,,,,,,,,,,,,,,,,,,,,NOT_STARTED,,
RCPW-08-R04,8,Civilization / Economy Authority,Remote shocks propagate causally through connected trade/transport networks.,pre-7.0,,,,,,,,,,,,,,,,,,,,,,NOT_STARTED,,
RCPW-08-R05,8,Civilization / Economy Authority,"Aggregate history materializes into locally coherent inventories, prices, NPC schedules, prosperity/damage, law state, and migration.",pre-7.0,,,,,,,,,,,,,,,,,,,,,,NOT_STARTED,,
RCPW-08-R06,8,Civilization / Economy Authority,Economic abstraction error is measured against a smaller high-fidelity reference simulation.,pre-7.0,,,,,,,,,,,,,,,,,,,,,,NOT_STARTED,,
RCPW-09-R01,9,Narrative Gravity Authority,Narrative gravity is independent from raw distance and has explicit inputs.,pre-7.0,,,,,,,,,,,,,,,,,,,,,,NOT_STARTED,,
RCPW-09-R02,9,Narrative Gravity Authority,"Narrative significance changes priority, update frequency, and representation only within bounded resource policy.",pre-7.0,,,,,,,,,,,,,,,,,,,,,,NOT_STARTED,,
RCPW-09-R03,9,Narrative Gravity Authority,"Active missions, companions, rivals, threats, and major remote events can create authority wells.",pre-7.0,,,,,,,,,,,,,,,,,,,,,,NOT_STARTED,,
RCPW-09-R04,9,Narrative Gravity Authority,Narrative gravity decays or transitions according to explicit lifecycle rules.,pre-7.0,,,,,,,,,,,,,,,,,,,,,,NOT_STARTED,,
RCPW-09-R05,9,Narrative Gravity Authority,Narrative gravity cannot mutate canonical story truth by itself.,pre-7.0,,,,,,,,,,,,,,,,,,,,,,NOT_STARTED,,
RCPW-09-R06,9,Narrative Gravity Authority,Priority manipulation and starvation attacks are bounded and testable.,pre-7.0,,,,,,,,,,,,,,,,,,,,,,NOT_STARTED,,
RCPW-10-R01,10,Materialization Authority,Materialization restores local embodiment from authoritative state without duplicate ownership.,pre-7.0,,,,,,,,,,,,,,,,,,,,,,NOT_STARTED,,
RCPW-10-R02,10,Materialization Authority,Visibility/interaction deadlines drive prewarm priority.,pre-7.0,,,,,,,,,,,,,,,,,,,,,,NOT_STARTED,,
RCPW-10-R03,10,Materialization Authority,Fast traversal and teleportation have explicit staging/fallback behavior.,pre-7.0,,,,,,,,,,,,,,,,,,,,,,NOT_STARTED,,
RCPW-10-R04,10,Materialization Authority,State unavailable by deadline degrades presentation safely rather than fabricating authoritative truth.,pre-7.0,,,,,,,,,,,,,,,,,,,,,,NOT_STARTED,,
RCPW-10-R05,10,Materialization Authority,Materialization latency and hitch budgets are measured.,pre-7.0,,,,,,,,,,,,,,,,,,,,,,NOT_STARTED,,
RCPW-10-R06,10,Materialization Authority,Dematerialization preserves all authoritative state required for future reconstruction.,pre-7.0,,,,,,,,,,,,,,,,,,,,,,NOT_STARTED,,
RCPW-11-R01,11,Visibility / Rendering Authority,Render visibility is never used as persistent existence authority.,pre-7.0,,,,,,,,,,,,,,,,,,,,,,NOT_STARTED,,
RCPW-11-R02,11,Visibility / Rendering Authority,"Folded rendering is coherent with canonical direction, landmarks, routes, and horizon semantics.",pre-7.0,,,,,,,,,,,,,,,,,,,,,,NOT_STARTED,,
RCPW-11-R03,11,Visibility / Rendering Authority,Temporal transitions are stable and free of visible popping/jitter within declared thresholds.,pre-7.0,,,,,,,,,,,,,,,,,,,,,,NOT_STARTED,,
RCPW-11-R04,11,Visibility / Rendering Authority,Rendering overload sheds visual quality before simulation authority.,pre-7.0,,,,,,,,,,,,,,,,,,,,,,NOT_STARTED,,
RCPW-11-R05,11,Visibility / Rendering Authority,"Long-distance silhouettes, lighting, atmospheric effects, shadows/reflections, and audio landmarks have declared fidelity policies.",pre-7.0,,,,,,,,,,,,,,,,,,,,,,NOT_STARTED,,
RCPW-11-R06,11,Visibility / Rendering Authority,Visual regression and frame-budget evidence are generated from repeatable traversal traces.,pre-7.0,,,,,,,,,,,,,,,,,,,,,,NOT_STARTED,,
RCPW-12-R01,12,Save / Replay Authority,"Save state is canonical authority plus ledger/checkpoint metadata, not transient reference/render state.",pre-7.0,,,,,,,,,,,,,,,,,,,,,,NOT_STARTED,,
RCPW-12-R02,12,Save / Replay Authority,Save commits are transactional and torn writes recover safely.,pre-7.0,,,,,,,,,,,,,,,,,,,,,,NOT_STARTED,,
RCPW-12-R03,12,Save / Replay Authority,Deterministic inputs/seeds sufficient for authoritative replay are preserved.,pre-7.0,,,,,,,,,,,,,,,,,,,,,,NOT_STARTED,,
RCPW-12-R04,12,Save / Replay Authority,Incremental checkpoints bound recovery time for large worlds.,pre-7.0,,,,,,,,,,,,,,,,,,,,,,NOT_STARTED,,
RCPW-12-R05,12,Save / Replay Authority,Schema migrations are explicit and test backward/forward compatibility policy.,pre-7.0,,,,,,,,,,,,,,,,,,,,,,NOT_STARTED,,
RCPW-12-R06,12,Save / Replay Authority,"Independent replay verifies identity, coordinates, world state, and causal obligations after load.",pre-7.0,,,,,,,,,,,,,,,,,,,,,,NOT_STARTED,,
RCPW-13-R01,13,Reference-Centric World Shells,"S0–S8 shells have explicit semantics, overlap bands, update rates, and resource budgets.",pre-7.0,,,,,,,,,,,,,,,,,,,,,,NOT_STARTED,,
RCPW-13-R02,13,Reference-Centric World Shells,Shell transitions are smooth and use hysteresis.,pre-7.0,,,,,,,,,,,,,,,,,,,,,,NOT_STARTED,,
RCPW-13-R03,13,Reference-Centric World Shells,"Shell radii adapt to movement, visibility, terrain, platform budget, and mission demand without changing canonical truth.",pre-7.0,,,,,,,,,,,,,,,,,,,,,,NOT_STARTED,,
RCPW-13-R04,13,Reference-Centric World Shells,Narrative/causal authority wells can override geometric shell priority within bounded policy.,pre-7.0,,,,,,,,,,,,,,,,,,,,,,NOT_STARTED,,
RCPW-13-R05,13,Reference-Centric World Shells,Shell occupancy and transition telemetry are inspectable.,pre-7.0,,,,,,,,,,,,,,,,,,,,,,NOT_STARTED,,
RCPW-13-R06,13,Reference-Centric World Shells,No shell boundary acts as an entity existence/destruction boundary.,pre-7.0,,,,,,,,,,,,,,,,,,,,,,NOT_STARTED,,
RCPW-14-R01,14,No-Unload Representation Transitions,Distance/invisibility never directly deletes gameplay-significant entities.,pre-7.0,,,,,,,,,,,,,,,,,,,,,,NOT_STARTED,,
RCPW-14-R02,14,No-Unload Representation Transitions,"Every representation transition declares exact carried, summarized, and reconstructible state.",pre-7.0,,,,,,,,,,,,,,,,,,,,,,NOT_STARTED,,
RCPW-14-R03,14,No-Unload Representation Transitions,Compression is bounded and cannot erase unresolved causal obligations.,pre-7.0,,,,,,,,,,,,,,,,,,,,,,NOT_STARTED,,
RCPW-14-R04,14,No-Unload Representation Transitions,"Restoration cannot create impossible time, position, ownership, or inventory state.",pre-7.0,,,,,,,,,,,,,,,,,,,,,,NOT_STARTED,,
RCPW-14-R05,14,No-Unload Representation Transitions,Transition failures are explicit and recoverable.,pre-7.0,,,,,,,,,,,,,,,,,,,,,,NOT_STARTED,,
RCPW-14-R06,14,No-Unload Representation Transitions,Endurance cycling shows no cumulative identity/state drift.,pre-7.0,,,,,,,,,,,,,,,,,,,,,,NOT_STARTED,,
RCPW-15-R01,15,High-Speed Traversal Fold / Unfold,Forward materialization lead time is predicted from motion and route/camera intent.,pre-7.0,,,,,,,,,,,,,,,,,,,,,,NOT_STARTED,,
RCPW-15-R02,15,High-Speed Traversal Fold / Unfold,Rear folding preserves persistent state and entities crossing boundaries.,pre-7.0,,,,,,,,,,,,,,,,,,,,,,NOT_STARTED,,
RCPW-15-R03,15,High-Speed Traversal Fold / Unfold,"Roads, rivers, trains, projectiles, weather fronts, pursuits, and mission actors remain continuous across dynamic shells.",pre-7.0,,,,,,,,,,,,,,,,,,,,,,NOT_STARTED,,
RCPW-15-R04,15,High-Speed Traversal Fold / Unfold,Teleportation has a deterministic destination-staging protocol.,pre-7.0,,,,,,,,,,,,,,,,,,,,,,NOT_STARTED,,
RCPW-15-R05,15,High-Speed Traversal Fold / Unfold,Missed prewarm deadlines degrade presentation safely.,pre-7.0,,,,,,,,,,,,,,,,,,,,,,NOT_STARTED,,
RCPW-15-R06,15,High-Speed Traversal Fold / Unfold,"High-speed traversal remains within declared frame, memory, and I/O budgets.",pre-7.0,,,,,,,,,,,,,,,,,,,,,,NOT_STARTED,,
RCPW-16-R01,16,Penteract World Coordinate Model,"The eight components have declared semantics, units/domains, precision, and update ownership.",pre-7.0,,,,,,,,,,,,,,,,,,,,,,NOT_STARTED,,
RCPW-16-R02,16,Penteract World Coordinate Model,The model distinguishes mathematical/state dimensions from rendered spatial dimensions.,pre-7.0,,,,,,,,,,,,,,,,,,,,,,NOT_STARTED,,
RCPW-16-R03,16,Penteract World Coordinate Model,Projection into local 3D reference space is explicit and testable.,pre-7.0,,,,,,,,,,,,,,,,,,,,,,NOT_STARTED,,
RCPW-16-R04,16,Penteract World Coordinate Model,The 8S Penteract/S³ coupled-mechanics terms are integrated only where their semantics are formally mapped and dimensionally valid.,pre-7.0,,,,,,,,,,,,,,,,,,,,,,NOT_STARTED,,
RCPW-16-R05,16,Penteract World Coordinate Model,Admission/score terms cannot silently override canonical state authority.,pre-7.0,,,,,,,,,,,,,,,,,,,,,,NOT_STARTED,,
RCPW-16-R06,16,Penteract World Coordinate Model,Numerical and dimensional-consistency tests cover all operators.,pre-7.0,,,,,,,,,,,,,,,,,,,,,,NOT_STARTED,,
RCPW-17-R01,17,QUORUM Fold Operator,"F_P(W_C)=W_P has explicit domain, codomain, parameters, and reference authority.",pre-7.0,,,,,,,,,,,,,,,,,,,,,,NOT_STARTED,,
RCPW-17-R02,17,QUORUM Fold Operator,"Translation, rebasing, compactification, shell assignment, representation selection, and projection are separately testable.",pre-7.0,,,,,,,,,,,,,,,,,,,,,,NOT_STARTED,,
RCPW-17-R03,17,QUORUM Fold Operator,Visible-domain components are continuous and bounded.,pre-7.0,,,,,,,,,,,,,,,,,,,,,,NOT_STARTED,,
RCPW-17-R04,17,QUORUM Fold Operator,Lossy presentation components are explicitly identified and never treated as canonical inverse authority.,pre-7.0,,,,,,,,,,,,,,,,,,,,,,NOT_STARTED,,
RCPW-17-R05,17,QUORUM Fold Operator,Changing reference points does not alter canonical world identity.,pre-7.0,,,,,,,,,,,,,,,,,,,,,,NOT_STARTED,,
RCPW-17-R06,17,QUORUM Fold Operator,Singularities and unsupported domains are explicit and fail closed.,pre-7.0,,,,,,,,,,,,,,,,,,,,,,NOT_STARTED,,
RCPW-18-R01,18,Multiple Reference Points / Authority Wells,"Each authority well has identity, priority, radius, budget, owner, and lifecycle.",pre-7.0,,,,,,,,,,,,,,,,,,,,,,NOT_STARTED,,
RCPW-18-R02,18,Multiple Reference Points / Authority Wells,Overlapping wells never double-apply mutable world simulation.,pre-7.0,,,,,,,,,,,,,,,,,,,,,,NOT_STARTED,,
RCPW-18-R03,18,Multiple Reference Points / Authority Wells,Canonical mutation ownership is singular or transactionally coordinated.,pre-7.0,,,,,,,,,,,,,,,,,,,,,,NOT_STARTED,,
RCPW-18-R04,18,Multiple Reference Points / Authority Wells,"Wells can merge, split, migrate, expire, and hand off without state loss.",pre-7.0,,,,,,,,,,,,,,,,,,,,,,NOT_STARTED,,
RCPW-18-R05,18,Multiple Reference Points / Authority Wells,Resource allocation across wells is bounded and starvation-aware.,pre-7.0,,,,,,,,,,,,,,,,,,,,,,NOT_STARTED,,
RCPW-18-R06,18,Multiple Reference Points / Authority Wells,The model can extend to multiplayer semantics without requiring multiplayer implementation.,pre-7.0,,,,,,,,,,,,,,,,,,,,,,NOT_STARTED,,
RCPW-19-R01,19,World-State Ledger,World-state history is append-only or equivalently tamper-evident and causally linked.,pre-7.0,,,,,,,,,,,,,,,,,,,,,,NOT_STARTED,,
RCPW-19-R02,19,World-State Ledger,High-value consequences remain individually queryable while repetitive low-value events may be safely aggregated.,pre-7.0,,,,,,,,,,,,,,,,,,,,,,NOT_STARTED,,
RCPW-19-R03,19,World-State Ledger,"Ledger queries support entity, region, time, cause, mission, faction, settlement, and event lineage.",pre-7.0,,,,,,,,,,,,,,,,,,,,,,NOT_STARTED,,
RCPW-19-R04,19,World-State Ledger,Materialization can consume ledger history to reconstruct local evidence/consequences.,pre-7.0,,,,,,,,,,,,,,,,,,,,,,NOT_STARTED,,
RCPW-19-R05,19,World-State Ledger,Hashes/checksums and transactional boundaries expose corruption.,pre-7.0,,,,,,,,,,,,,,,,,,,,,,NOT_STARTED,,
RCPW-19-R06,19,World-State Ledger,Historical reconstruction is independently reproducible.,pre-7.0,,,,,,,,,,,,,,,,,,,,,,NOT_STARTED,,
RCPW-20-R01,20,Core Architecture + System Invariants,All twelve core authorities plus shell/transition/penteract/multi-reference extensions have explicit ownership and message contracts.,pre-7.0,,,,,,,,,,,,,,,,,,,,,,NOT_STARTED,,
RCPW-20-R02,20,Core Architecture + System Invariants,"Global invariant: distance changes representation, not existence.",pre-7.0,,,,,,,,,,,,,,,,,,,,,,NOT_STARTED,,
RCPW-20-R03,20,Core Architecture + System Invariants,Global invariant: canonical identity and coordinates survive folding/unfolding and reference changes.,pre-7.0,,,,,,,,,,,,,,,,,,,,,,NOT_STARTED,,
RCPW-20-R04,20,Core Architecture + System Invariants,"Global invariant: folded entities retain history, causality, and future evolution.",pre-7.0,,,,,,,,,,,,,,,,,,,,,,NOT_STARTED,,
RCPW-20-R05,20,Core Architecture + System Invariants,Global invariant: rendering/optimization cannot silently mutate canonical truth.,pre-7.0,,,,,,,,,,,,,,,,,,,,,,NOT_STARTED,,
RCPW-20-R06,20,Core Architecture + System Invariants,"Global invariant: no documentation-only, mock, placeholder, or self-declared PASS qualifies an operational gate.",pre-7.0,,,,,,,,,,,,,,,,,,,,,,NOT_STARTED,,
RCPW-20-R07,20,Core Architecture + System Invariants,The integrated system has bounded CPU/GPU/memory/I/O/storage budgets and fail-safe degradation.,pre-7.0,,,,,,,,,,,,,,,,,,,,,,NOT_STARTED,,
RCPW-20-R08,20,Core Architecture + System Invariants,"End-to-end save/replay, crash recovery, deterministic replay, failure injection, and independent qualification are complete.",pre-7.0,,,,,,,,,,,,,,,,,,,,,,NOT_STARTED,,
RCPW-01-R07,1,Canonical World Authority,Canonical mutations are totally ordered or transactionally conflict-resolved under concurrent subsystem activity.,pre-7.0,,,,,,,,,,,,,,,,,,,,,,NOT_STARTED,,
RCPW-01-R08,1,Canonical World Authority,Canonical state exposes monotonic revision/epoch numbers for stale-read and stale-write detection.,pre-7.0,,,,,,,,,,,,,,,,,,,,,,NOT_STARTED,,
RCPW-01-R09,1,Canonical World Authority,World-state snapshots are quiescent or use a documented consistency algorithm that proves cross-component coherence.,pre-7.0,,,,,,,,,,,,,,,,,,,,,,NOT_STARTED,,
RCPW-01-R10,1,Canonical World Authority,Canonical state recovery is tested across power-loss-equivalent interruption at every write boundary.,pre-7.0,,,,,,,,,,,,,,,,,,,,,,NOT_STARTED,,
RCPW-02-R07,2,Reference Frame Authority,Reference-frame updates are atomic with respect to physics/render/navigation consumers for each simulation tick.,pre-7.0,,,,,,,,,,,,,,,,,,,,,,NOT_STARTED,,
RCPW-02-R08,2,Reference Frame Authority,Transform Jacobians and precision-loss envelopes are measured across all supported distances and fold bands.,pre-7.0,,,,,,,,,,,,,,,,,,,,,,NOT_STARTED,,
RCPW-02-R09,2,Reference Frame Authority,Reference switches preserve momentum/orientation semantics and do not create one-frame spatial discontinuities.,pre-7.0,,,,,,,,,,,,,,,,,,,,,,NOT_STARTED,,
RCPW-02-R10,2,Reference Frame Authority,A deterministic trace can reconstruct every origin rebase and reference handoff.,pre-7.0,,,,,,,,,,,,,,,,,,,,,,NOT_STARTED,,
RCPW-03-R07,3,Fold Geometry Authority,The fold transform is at least C1 continuous everywhere visible and C2 where camera/physics interpolation requires it.,pre-7.0,,,,,,,,,,,,,,,,,,,,,,NOT_STARTED,,
RCPW-03-R08,3,Fold Geometry Authority,"The transform Jacobian, scale distortion, and angular distortion remain within declared shell-specific limits.",pre-7.0,,,,,,,,,,,,,,,,,,,,,,NOT_STARTED,,
RCPW-03-R09,3,Fold Geometry Authority,"Collision, picking, navigation, audio propagation, and landmark targeting use explicit canonical/reference conversion rules.",pre-7.0,,,,,,,,,,,,,,,,,,,,,,NOT_STARTED,,
RCPW-03-R10,3,Fold Geometry Authority,Fold-horizon saturation cannot cause canonical aliasing between distinct interactable entities.,pre-7.0,,,,,,,,,,,,,,,,,,,,,,NOT_STARTED,,
RCPW-04-R07,4,Simulation LOD Authority,LOD scheduling has starvation bounds so causally important remote entities cannot be indefinitely deferred.,pre-7.0,,,,,,,,,,,,,,,,,,,,,,NOT_STARTED,,
RCPW-04-R08,4,Simulation LOD Authority,Update cadence changes preserve time integration and do not create energy/state jumps when promoted.,pre-7.0,,,,,,,,,,,,,,,,,,,,,,NOT_STARTED,,
RCPW-04-R09,4,Simulation LOD Authority,"Budget governor decisions are observable, replayable, and attributed to CPU/GPU/memory/I/O pressure.",pre-7.0,,,,,,,,,,,,,,,,,,,,,,NOT_STARTED,,
RCPW-04-R10,4,Simulation LOD Authority,Mass promotion storms are rate-limited without erasing unresolved authoritative obligations.,pre-7.0,,,,,,,,,,,,,,,,,,,,,,NOT_STARTED,,
RCPW-05-R07,5,Entity Persistence Authority,"Persistent identities survive region migration, schema migration, save migration, and authority-well transfer.",pre-7.0,,,,,,,,,,,,,,,,,,,,,,NOT_STARTED,,
RCPW-05-R08,5,Entity Persistence Authority,"Tombstones prevent resurrection from stale caches, stale saves, or delayed remote messages.",pre-7.0,,,,,,,,,,,,,,,,,,,,,,NOT_STARTED,,
RCPW-05-R09,5,Entity Persistence Authority,Ownership transfers use compare-and-swap or equivalent transactional guards against double ownership.,pre-7.0,,,,,,,,,,,,,,,,,,,,,,NOT_STARTED,,
RCPW-05-R10,5,Entity Persistence Authority,Entity histories remain queryable after retirement/destruction according to retention policy.,pre-7.0,,,,,,,,,,,,,,,,,,,,,,NOT_STARTED,,
RCPW-06-R07,6,Causal Ledger Authority,Ledger ordering semantics are explicit for same-tick and cross-thread events.,pre-7.0,,,,,,,,,,,,,,,,,,,,,,NOT_STARTED,,
RCPW-06-R08,6,Causal Ledger Authority,"Hash-chain or equivalent tamper-evidence covers segment boundaries, snapshots, and replay cut points.",pre-7.0,,,,,,,,,,,,,,,,,,,,,,NOT_STARTED,,
RCPW-06-R09,6,Causal Ledger Authority,Compaction/aggregation cannot sever causal parents required by live unresolved obligations.,pre-7.0,,,,,,,,,,,,,,,,,,,,,,NOT_STARTED,,
RCPW-06-R10,6,Causal Ledger Authority,Ledger replay divergence emits a minimal deterministic counterexample rather than a generic failure.,pre-7.0,,,,,,,,,,,,,,,,,,,,,,NOT_STARTED,,
RCPW-07-R07,7,Ecology Authority,Ecological time-step adaptation is bounded and conservation error is measured per species/resource system.,pre-7.0,,,,,,,,,,,,,,,,,,,,,,NOT_STARTED,,
RCPW-07-R08,7,Ecology Authority,Remote stochastic outcomes expose reproducible seeds and probability models.,pre-7.0,,,,,,,,,,,,,,,,,,,,,,NOT_STARTED,,
RCPW-07-R09,7,Ecology Authority,Spatial folding cannot collapse independent habitats into one ecological interaction domain.,pre-7.0,,,,,,,,,,,,,,,,,,,,,,NOT_STARTED,,
RCPW-07-R10,7,Ecology Authority,Rehydrated local ecology is statistically and causally consistent with its aggregate history.,pre-7.0,,,,,,,,,,,,,,,,,,,,,,NOT_STARTED,,
RCPW-08-R07,8,Civilization / Economy Authority,Economic ledgers obey non-negative inventory/cash constraints or explicitly modeled debt/credit rules.,pre-7.0,,,,,,,,,,,,,,,,,,,,,,NOT_STARTED,,
RCPW-08-R08,8,Civilization / Economy Authority,Transport latency and capacity remain canonical and are not shortened merely because geography is visually folded.,pre-7.0,,,,,,,,,,,,,,,,,,,,,,NOT_STARTED,,
RCPW-08-R09,8,Civilization / Economy Authority,"Aggregate-to-individual materialization conserves population, ownership, and inventory within declared tolerance.",pre-7.0,,,,,,,,,,,,,,,,,,,,,,NOT_STARTED,,
RCPW-08-R10,8,Civilization / Economy Authority,"Remote shocks include causal delay, substitution, and recovery rather than instantaneous global propagation.",pre-7.0,,,,,,,,,,,,,,,,,,,,,,NOT_STARTED,,
RCPW-09-R07,9,Narrative Gravity Authority,"Narrative gravity is signed/typed so urgency, relevance, threat, and authored importance are distinguishable.",pre-7.0,,,,,,,,,,,,,,,,,,,,,,NOT_STARTED,,
RCPW-09-R08,9,Narrative Gravity Authority,Priority escalation has hard caps and reserve budgets for non-narrative systemic simulation.,pre-7.0,,,,,,,,,,,,,,,,,,,,,,NOT_STARTED,,
RCPW-09-R09,9,Narrative Gravity Authority,Gravity changes emit traceable reasons to support replay and debugging.,pre-7.0,,,,,,,,,,,,,,,,,,,,,,NOT_STARTED,,
RCPW-09-R10,9,Narrative Gravity Authority,No narrative-gravity rule may fabricate outcomes for events that require canonical simulation evidence.,pre-7.0,,,,,,,,,,,,,,,,,,,,,,NOT_STARTED,,
RCPW-10-R07,10,Materialization Authority,"Materialization has explicit readiness levels separating visually present, physically valid, AI-ready, and interactable.",pre-7.0,,,,,,,,,,,,,,,,,,,,,,NOT_STARTED,,
RCPW-10-R08,10,Materialization Authority,"Interaction is gated until authoritative collision, ownership, and gameplay state are valid.",pre-7.0,,,,,,,,,,,,,,,,,,,,,,NOT_STARTED,,
RCPW-10-R09,10,Materialization Authority,Prewarm cancellation releases resources without losing canonical state or leaving orphan handles.,pre-7.0,,,,,,,,,,,,,,,,,,,,,,NOT_STARTED,,
RCPW-10-R10,10,Materialization Authority,Materialization storms have admission control and deterministic priority ordering.,pre-7.0,,,,,,,,,,,,,,,,,,,,,,NOT_STARTED,,
RCPW-11-R07,11,Visibility / Rendering Authority,"Rendering exposes a fold-artifact detector for scale discontinuity, horizon inversion, repeated landmarks, and topology leaks.",pre-7.0,,,,,,,,,,,,,,,,,,,,,,NOT_STARTED,,
RCPW-11-R08,11,Visibility / Rendering Authority,Temporal history buffers are invalidated/rebased correctly when origin or fold parameters change.,pre-7.0,,,,,,,,,,,,,,,,,,,,,,NOT_STARTED,,
RCPW-11-R09,11,Visibility / Rendering Authority,Render culling cannot suppress simulation events or event ledger emission.,pre-7.0,,,,,,,,,,,,,,,,,,,,,,NOT_STARTED,,
RCPW-11-R10,11,Visibility / Rendering Authority,"Quality degradation is ordered and measurable, with simulation truth protected above visual fidelity.",pre-7.0,,,,,,,,,,,,,,,,,,,,,,NOT_STARTED,,
RCPW-12-R07,12,Save / Replay Authority,Save containers support authenticated integrity metadata or equivalent corruption-evident checks.,pre-7.0,,,,,,,,,,,,,,,,,,,,,,NOT_STARTED,,
RCPW-12-R08,12,Save / Replay Authority,Load verifies dependency/schema compatibility before mutating live canonical state.,pre-7.0,,,,,,,,,,,,,,,,,,,,,,NOT_STARTED,,
RCPW-12-R09,12,Save / Replay Authority,Crash recovery is idempotent across repeated recovery attempts.,pre-7.0,,,,,,,,,,,,,,,,,,,,,,NOT_STARTED,,
RCPW-12-R10,12,Save / Replay Authority,Replay produces canonical state digests at fixed checkpoints for bisecting divergence.,pre-7.0,,,,,,,,,,,,,,,,,,,,,,NOT_STARTED,,
RCPW-13-R07,13,Reference-Centric World Shells,Shell movement has maximum expansion/contraction rates unless an explicit emergency/teleport protocol is active.,pre-7.0,,,,,,,,,,,,,,,,,,,,,,NOT_STARTED,,
RCPW-13-R08,13,Reference-Centric World Shells,Shell boundaries are decoupled from world-region boundaries to prevent synchronization artifacts.,pre-7.0,,,,,,,,,,,,,,,,,,,,,,NOT_STARTED,,
RCPW-13-R09,13,Reference-Centric World Shells,"Per-shell update cadence, precision, and resource budgets are machine-readable and runtime-observable.",pre-7.0,,,,,,,,,,,,,,,,,,,,,,NOT_STARTED,,
RCPW-13-R10,13,Reference-Centric World Shells,Adaptive shell control is stable under oscillating camera direction and repeated speed changes.,pre-7.0,,,,,,,,,,,,,,,,,,,,,,NOT_STARTED,,
RCPW-14-R07,14,No-Unload Representation Transitions,"Representation transitions define a conservation vector for identity, time, position, ownership, health, inventory, and unresolved obligations.",pre-7.0,,,,,,,,,,,,,,,,,,,,,,NOT_STARTED,,
RCPW-14-R08,14,No-Unload Representation Transitions,Transition cancellation/reversal is transactional.,pre-7.0,,,,,,,,,,,,,,,,,,,,,,NOT_STARTED,,
RCPW-14-R09,14,No-Unload Representation Transitions,Abstract simulation never advances an entity beyond a canonical event barrier that requires higher fidelity.,pre-7.0,,,,,,,,,,,,,,,,,,,,,,NOT_STARTED,,
RCPW-14-R10,14,No-Unload Representation Transitions,Round-trip transition error budgets are quantified by entity class.,pre-7.0,,,,,,,,,,,,,,,,,,,,,,NOT_STARTED,,
RCPW-15-R07,15,High-Speed Traversal Fold / Unfold,Traversal prediction has bounded speculation windows and backpressure.,pre-7.0,,,,,,,,,,,,,,,,,,,,,,NOT_STARTED,,
RCPW-15-R08,15,High-Speed Traversal Fold / Unfold,Unfolding priority accounts for line-of-travel uncertainty and camera look-ahead separately.,pre-7.0,,,,,,,,,,,,,,,,,,,,,,NOT_STARTED,,
RCPW-15-R09,15,High-Speed Traversal Fold / Unfold,"Teleport destination staging validates canonical time, occupancy, collision, and active mission constraints.",pre-7.0,,,,,,,,,,,,,,,,,,,,,,NOT_STARTED,,
RCPW-15-R10,15,High-Speed Traversal Fold / Unfold,Continuous moving phenomena crossing the player preserve phase/state through fold transitions.,pre-7.0,,,,,,,,,,,,,,,,,,,,,,NOT_STARTED,,
RCPW-16-R07,16,Penteract World Coordinate Model,Every non-spatial coordinate has a monotonicity/ordering rule or explicitly declares that none exists.,pre-7.0,,,,,,,,,,,,,,,,,,,,,,NOT_STARTED,,
RCPW-16-R08,16,Penteract World Coordinate Model,Projection from extended state to 3D cannot mutate the extended canonical state.,pre-7.0,,,,,,,,,,,,,,,,,,,,,,NOT_STARTED,,
RCPW-16-R09,16,Penteract World Coordinate Model,Dimension normalization cannot conflate physical units with abstract authority/significance scores.,pre-7.0,,,,,,,,,,,,,,,,,,,,,,NOT_STARTED,,
RCPW-16-R10,16,Penteract World Coordinate Model,8S/Penteract adapters expose confidence and experimental status in machine-readable metadata.,pre-7.0,,,,,,,,,,,,,,,,,,,,,,NOT_STARTED,,
RCPW-17-R07,17,QUORUM Fold Operator,Fold operator parameter changes are versioned and recorded so replay uses the exact historical mapping.,pre-7.0,,,,,,,,,,,,,,,,,,,,,,NOT_STARTED,,
RCPW-17-R08,17,QUORUM Fold Operator,Interaction targeting round-trips to one canonical entity or fails explicitly; ambiguous aliases are forbidden.,pre-7.0,,,,,,,,,,,,,,,,,,,,,,NOT_STARTED,,
RCPW-17-R09,17,QUORUM Fold Operator,The near-field identity transform has measurable error bounds approaching numerical precision.,pre-7.0,,,,,,,,,,,,,,,,,,,,,,NOT_STARTED,,
RCPW-17-R10,17,QUORUM Fold Operator,Operator composition order is fixed and verified; reordering operators requires a versioned migration.,pre-7.0,,,,,,,,,,,,,,,,,,,,,,NOT_STARTED,,
RCPW-18-R07,18,Multiple Reference Points / Authority Wells,Authority-well membership changes are ledgered and replayable.,pre-7.0,,,,,,,,,,,,,,,,,,,,,,NOT_STARTED,,
RCPW-18-R08,18,Multiple Reference Points / Authority Wells,Overlapping wells use deterministic conflict arbitration independent of thread timing.,pre-7.0,,,,,,,,,,,,,,,,,,,,,,NOT_STARTED,,
RCPW-18-R09,18,Multiple Reference Points / Authority Wells,Per-well budgets include reserve and eviction policy so one well cannot monopolize all simulation capacity.,pre-7.0,,,,,,,,,,,,,,,,,,,,,,NOT_STARTED,,
RCPW-18-R10,18,Multiple Reference Points / Authority Wells,Well retirement drains or transfers unresolved obligations before deallocation.,pre-7.0,,,,,,,,,,,,,,,,,,,,,,NOT_STARTED,,
RCPW-19-R07,19,World-State Ledger,Ledger indexes are rebuildable from canonical segments and are never sole authority.,pre-7.0,,,,,,,,,,,,,,,,,,,,,,NOT_STARTED,,
RCPW-19-R08,19,World-State Ledger,Retention/aggregation policies are versioned and replay-aware.,pre-7.0,,,,,,,,,,,,,,,,,,,,,,NOT_STARTED,,
RCPW-19-R09,19,World-State Ledger,"Historical queries expose whether results are exact, aggregated, inferred, or unavailable.",pre-7.0,,,,,,,,,,,,,,,,,,,,,,NOT_STARTED,,
RCPW-19-R10,19,World-State Ledger,Materialized evidence derived from history stores provenance back to source events/segments.,pre-7.0,,,,,,,,,,,,,,,,,,,,,,NOT_STARTED,,
RCPW-20-R09,20,Core Architecture + System Invariants,"The integrated scheduler defines deterministic phase ordering for canonical mutation, remote simulation, folding, materialization, physics, rendering views, ledger commit, and checkpointing.",pre-7.0,,,,,,,,,,,,,,,,,,,,,,NOT_STARTED,,
RCPW-20-R10,20,Core Architecture + System Invariants,A global resource governor protects canonical/persistence/ledger work before derived simulation and rendering quality.,pre-7.0,,,,,,,,,,,,,,,,,,,,,,NOT_STARTED,,
RCPW-20-R11,20,Core Architecture + System Invariants,"A compatibility matrix distinguishes reference-model, hosted operational, native VM, production-scale, and independently qualified profiles.",pre-7.0,,,,,,,,,,,,,,,,,,,,,,NOT_STARTED,,
RCPW-20-R12,20,Core Architecture + System Invariants,"Release promotion requires a reproducible build manifest, test corpus digest, evidence digest, unresolved-risk register, and rollback plan.",pre-7.0,,,,,,,,,,,,,,,,,,,,,,NOT_STARTED,,
RCPW-01-R11,1,Canonical World Authority,"Canonical world state includes a versioned spatial-semantic region graph linking regions, biomes, routes, waterways, settlements, interiors, landmarks, and jurisdictional domains.",4.0.0,,,,,,,,,,,,,,,,,,,,,,NOT_STARTED,,
RCPW-01-R12,1,Canonical World Authority,Procedural or authored world generation uses deterministic seed/provenance records so regenerated content can be distinguished from hand-authored canonical content.,4.0.0,,,,,,,,,,,,,,,,,,,,,,NOT_STARTED,,
RCPW-01-R13,1,Canonical World Authority,"Every canonical content object records provenance, schema version, ownership authority, and whether it is authored, generated, migrated, imported, or reconstructed.",4.0.0,,,,,,,,,,,,,,,,,,,,,,NOT_STARTED,,
RCPW-01-R14,1,Canonical World Authority,"Partial-region availability, damaged content packs, and missing optional content fail without invalidating unrelated canonical regions.",4.0.0,,,,,,,,,,,,,,,,,,,,,,NOT_STARTED,,
RCPW-02-R11,2,Reference Frame Authority,"Reference-frame motion preserves camera, animation, locomotion, projectile, and vehicle continuity across origin rebases.",4.0.0,,,,,,,,,,,,,,,,,,,,,,NOT_STARTED,,
RCPW-02-R12,2,Reference Frame Authority,Reference transforms expose stable previous/current transforms suitable for temporal rendering and motion-vector reconstruction.,4.0.0,,,,,,,,,,,,,,,,,,,,,,NOT_STARTED,,
RCPW-02-R13,2,Reference Frame Authority,"Vertical reference semantics, gravity direction, and large-world elevation precision are explicit and tested independently of horizontal folding.",4.0.0,,,,,,,,,,,,,,,,,,,,,,NOT_STARTED,,
RCPW-02-R14,2,Reference Frame Authority,"Reference-frame diagnostics expose rebase frequency, maximum observed transform error, and all continuity violations.",4.0.0,,,,,,,,,,,,,,,,,,,,,,NOT_STARTED,,
RCPW-03-R11,3,Fold Geometry Authority,Fold seams are explicitly modeled as transition manifolds with no canonical adjacency changes and no player-interactable aliasing.,4.0.0,,,,,,,,,,,,,,,,,,,,,,NOT_STARTED,,
RCPW-03-R12,3,Fold Geometry Authority,"Terrain curvature, horizon placement, water surfaces, sky/atmosphere anchors, and long routes have fold-aware continuity rules.",4.0.0,,,,,,,,,,,,,,,,,,,,,,NOT_STARTED,,
RCPW-03-R13,3,Fold Geometry Authority,"Picking, ray tests, interaction traces, projectile traces, and navigation targets always resolve to canonical objects through an unambiguous inverse mapping.",4.0.0,,,,,,,,,,,,,,,,,,,,,,NOT_STARTED,,
RCPW-03-R14,3,Fold Geometry Authority,"Runtime fold telemetry detects discontinuity, non-monotonicity, excessive distortion, repeated landmarks, and self-intersection before player-visible failure.",4.0.0,,,,,,,,,,,,,,,,,,,,,,NOT_STARTED,,
RCPW-04-R11,4,Simulation LOD Authority,"Cross-LOD simulation preserves event barriers: events requiring higher fidelity suspend, escalate, or resolve through an explicitly qualified abstract model.",4.0.0,,,,,,,,,,,,,,,,,,,,,,NOT_STARTED,,
RCPW-04-R12,4,Simulation LOD Authority,"Remote AI schedule, intent, movement, and social-state integration account for elapsed canonical time when update cadence changes.",4.0.0,,,,,,,,,,,,,,,,,,,,,,NOT_STARTED,,
RCPW-04-R13,4,Simulation LOD Authority,Promotion debt is tracked so repeatedly deferred high-value entities receive bounded service without creating an uncontrolled promotion storm.,4.0.0,,,,,,,,,,,,,,,,,,,,,,NOT_STARTED,,
RCPW-04-R14,4,Simulation LOD Authority,LOD approximation error is measured per subsystem and incorporated into qualification rather than treated as visually acceptable by default.,4.0.0,,,,,,,,,,,,,,,,,,,,,,NOT_STARTED,,
RCPW-05-R11,5,Entity Persistence Authority,Entity persistence includes freshness/revision semantics so stale abstract copies cannot overwrite newer canonical state.,4.0.0,,,,,,,,,,,,,,,,,,,,,,NOT_STARTED,,
RCPW-05-R12,5,Entity Persistence Authority,Region/shell migration is identity-neutral and does not create ownership duplication when an entity crosses world partitions.,4.0.0,,,,,,,,,,,,,,,,,,,,,,NOT_STARTED,,
RCPW-05-R13,5,Entity Persistence Authority,"Persistent state distinguishes exact, aggregated, reconstructed, inferred, and unknown fields with provenance.",4.0.0,,,,,,,,,,,,,,,,,,,,,,NOT_STARTED,,
RCPW-05-R14,5,Entity Persistence Authority,"Selective persistence policies are explicit for debris, tracks, corpses, temporary props, transient crowds, and other high-volume world evidence.",4.0.0,,,,,,,,,,,,,,,,,,,,,,NOT_STARTED,,
RCPW-06-R11,6,Causal Ledger Authority,Causal graphs detect or explicitly model cycles and prevent accidental recursive event amplification.,4.0.0,,,,,,,,,,,,,,,,,,,,,,NOT_STARTED,,
RCPW-06-R12,6,Causal Ledger Authority,Durable events are idempotent under replay and repeated recovery.,4.0.0,,,,,,,,,,,,,,,,,,,,,,NOT_STARTED,,
RCPW-06-R13,6,Causal Ledger Authority,"Ledger compaction preserves unresolved causes, obligations, ownership transfers, and historical evidence needed for later materialization.",4.0.0,,,,,,,,,,,,,,,,,,,,,,NOT_STARTED,,
RCPW-06-R14,6,Causal Ledger Authority,Debugging can produce a minimal causal slice showing why a selected entity or region reached its current authoritative state.,4.0.0,,,,,,,,,,,,,,,,,,,,,,NOT_STARTED,,
RCPW-07-R11,7,Ecology Authority,Habitat connectivity is canonical and cannot be altered merely by visual fold distance; migration uses canonical route/topology cost.,4.0.0,,,,,,,,,,,,,,,,,,,,,,NOT_STARTED,,
RCPW-07-R12,7,Ecology Authority,"Ecology couples to qualified weather, fire, water, season, day/night, vegetation, and human pressure state.",4.0.0,,,,,,,,,,,,,,,,,,,,,,NOT_STARTED,,
RCPW-07-R13,7,Ecology Authority,Local depletion and remote regeneration use one conserved resource model with declared approximation bounds.,4.0.0,,,,,,,,,,,,,,,,,,,,,,NOT_STARTED,,
RCPW-07-R14,7,Ecology Authority,"Rehydrated individual animals/plants inherit age, health, location, group, and causal history consistent with remote cohort evolution.",4.0.0,,,,,,,,,,,,,,,,,,,,,,NOT_STARTED,,
RCPW-08-R11,8,Civilization / Economy Authority,"Settlement economies include explicit production chains, storage, transport dependency, labor allocation, demand substitution, and recovery after shocks.",4.0.0,,,,,,,,,,,,,,,,,,,,,,NOT_STARTED,,
RCPW-08-R12,8,Civilization / Economy Authority,"Law, reputation, faction control, crime, policing, and social response remain causally active outside the local render shell.",4.0.0,,,,,,,,,,,,,,,,,,,,,,NOT_STARTED,,
RCPW-08-R13,8,Civilization / Economy Authority,Transport/logistics time uses canonical geography and capacity rather than folded display distance.,4.0.0,,,,,,,,,,,,,,,,,,,,,,NOT_STARTED,,
RCPW-08-R14,8,Civilization / Economy Authority,"Settlement materialization reconstructs a locally coherent cross-section of population, shops, inventories, schedules, damage, and infrastructure from aggregate state.",4.0.0,,,,,,,,,,,,,,,,,,,,,,NOT_STARTED,,
RCPW-09-R11,9,Narrative Gravity Authority,"Narrative gravity integrates with an event-orchestration authority that distinguishes authored beats, systemic events, optional encounters, and emergent consequences.",4.0.0,,,,,,,,,,,,,,,,,,,,,,NOT_STARTED,,
RCPW-09-R12,9,Narrative Gravity Authority,"Off-screen event resolution declares whether the outcome was fully simulated, abstractly resolved, deferred, or blocked awaiting higher fidelity.",4.0.0,,,,,,,,,,,,,,,,,,,,,,NOT_STARTED,,
RCPW-09-R13,9,Narrative Gravity Authority,"Narrative priority cannot violate canonical travel time, ownership, death, destruction, or other established causal facts without an explicit authored override event.",4.0.0,,,,,,,,,,,,,,,,,,,,,,NOT_STARTED,,
RCPW-09-R14,9,Narrative Gravity Authority,Competing narrative wells use deterministic arbitration and expose why one event received higher simulation authority.,4.0.0,,,,,,,,,,,,,,,,,,,,,,NOT_STARTED,,
RCPW-10-R11,10,Materialization Authority,"Materialization supports exterior/interior/portal transitions, including prewarming of destination geometry, navigation, physics, audio, and interaction state.",4.0.0,,,,,,,,,,,,,,,,,,,,,,NOT_STARTED,,
RCPW-10-R12,10,Materialization Authority,"Animation pose, ragdoll/physics warm-start, vehicle suspension, and moving-platform state reconstruct without a visible first-frame discontinuity.",4.0.0,,,,,,,,,,,,,,,,,,,,,,NOT_STARTED,,
RCPW-10-R13,10,Materialization Authority,Navigation and collision readiness are mandatory before an entity becomes interactable.,4.0.0,,,,,,,,,,,,,,,,,,,,,,NOT_STARTED,,
RCPW-10-R14,10,Materialization Authority,"Materialized entities retain provenance linking their visible state to canonical state, abstract simulation steps, and ledger events.",4.0.0,,,,,,,,,,,,,,,,,,,,,,NOT_STARTED,,
RCPW-11-R11,11,Visibility / Rendering Authority,Visibility uses fold-aware hierarchical occlusion while acoustics uses canonical propagation rules or an explicitly qualified approximation.,4.0.0,,,,,,,,,,,,,,,,,,,,,,NOT_STARTED,,
RCPW-11-R12,11,Visibility / Rendering Authority,"Weather, fog, smoke, cloud cover, night lighting, and atmospheric perspective may mask streaming but cannot become correctness dependencies.",4.0.0,,,,,,,,,,,,,,,,,,,,,,NOT_STARTED,,
RCPW-11-R13,11,Visibility / Rendering Authority,"Temporal rendering history is invalidated or transformed correctly when fold parameters, reference origins, portals, or shell representations change.",4.0.0,,,,,,,,,,,,,,,,,,,,,,NOT_STARTED,,
RCPW-11-R14,11,Visibility / Rendering Authority,Long-distance landmarks have canonical identity and visibility policy so folding cannot create duplicate or contradictory silhouettes.,4.0.0,,,,,,,,,,,,,,,,,,,,,,NOT_STARTED,,
RCPW-12-R11,12,Save / Replay Authority,Save/replay supports named branches or equivalent non-destructive checkpoints for deterministic investigation and regression bisecting.,4.0.0,,,,,,,,,,,,,,,,,,,,,,NOT_STARTED,,
RCPW-12-R12,12,Save / Replay Authority,Replay tools can seek to canonical checkpoints and verify state digests without requiring full real-time rendering.,4.0.0,,,,,,,,,,,,,,,,,,,,,,NOT_STARTED,,
RCPW-12-R13,12,Save / Replay Authority,"Cross-build replay compatibility is versioned, and incompatible deterministic domains are rejected rather than silently approximated.",4.0.0,,,,,,,,,,,,,,,,,,,,,,NOT_STARTED,,
RCPW-12-R14,12,Save / Replay Authority,"Recovery objectives declare maximum acceptable data loss, recovery time, and checkpoint age for each qualification profile.",4.0.0,,,,,,,,,,,,,,,,,,,,,,NOT_STARTED,,
RCPW-13-R11,13,Reference-Centric World Shells,"World shells may be anisotropic and terrain/visibility aware, but every adaptive shape remains bounded and deterministic for replay.",4.0.0,,,,,,,,,,,,,,,,,,,,,,NOT_STARTED,,
RCPW-13-R12,13,Reference-Centric World Shells,"Shell adaptation considers world-content complexity, expected interaction density, portal/interior proximity, and materialization backlog in addition to distance and speed.",4.0.0,,,,,,,,,,,,,,,,,,,,,,NOT_STARTED,,
RCPW-13-R13,13,Reference-Centric World Shells,Nested interior/portal spaces have explicit shell ownership and do not accidentally inherit exterior fold distortion.,4.0.0,,,,,,,,,,,,,,,,,,,,,,NOT_STARTED,,
RCPW-13-R14,13,Reference-Centric World Shells,"Runtime shell telemetry exposes occupancy, transition rate, backlog, budget pressure, and starvation counters per shell.",4.0.0,,,,,,,,,,,,,,,,,,,,,,NOT_STARTED,,
RCPW-14-R11,14,No-Unload Representation Transitions,Every representation compression declares semantic fidelity classes so critical gameplay facts cannot be summarized into ambiguous state.,4.0.0,,,,,,,,,,,,,,,,,,,,,,NOT_STARTED,,
RCPW-14-R12,14,No-Unload Representation Transitions,Abstract simulation respects canonical time and event barriers; it may not skip through unresolved interaction-critical events.,4.0.0,,,,,,,,,,,,,,,,,,,,,,NOT_STARTED,,
RCPW-14-R13,14,No-Unload Representation Transitions,Time-warp or fast-forward modes have explicit transition semantics distinct from spatial folding.,4.0.0,,,,,,,,,,,,,,,,,,,,,,NOT_STARTED,,
RCPW-14-R14,14,No-Unload Representation Transitions,"Restored state carries provenance identifying which fields were exact, simulated, aggregated, or reconstructed.",4.0.0,,,,,,,,,,,,,,,,,,,,,,NOT_STARTED,,
RCPW-15-R11,15,High-Speed Traversal Fold / Unfold,High-speed traversal predicts movement and camera look-ahead separately to reduce over-prefetch and preserve directional uncertainty.,4.0.0,,,,,,,,,,,,,,,,,,,,,,NOT_STARTED,,
RCPW-15-R12,15,High-Speed Traversal Fold / Unfold,"Transport networks, tunnels, bridges, portals, and interiors receive route-aware prewarm rather than distance-only prewarm.",4.0.0,,,,,,,,,,,,,,,,,,,,,,NOT_STARTED,,
RCPW-15-R13,15,High-Speed Traversal Fold / Unfold,"Long-lived projectiles, trains, herds, storms, fires, and other moving phenomena preserve phase and causality through fold/unfold.",4.0.0,,,,,,,,,,,,,,,,,,,,,,NOT_STARTED,,
RCPW-15-R14,15,High-Speed Traversal Fold / Unfold,Emergency degradation exposes a measurable recovery path back to target fidelity after overload ends.,4.0.0,,,,,,,,,,,,,,,,,,,,,,NOT_STARTED,,
RCPW-16-R11,16,Penteract World Coordinate Model,The extended world coordinate defines comparison/ordering semantics for each non-spatial component and explicitly rejects invalid mixed-unit operations.,4.0.0,,,,,,,,,,,,,,,,,,,,,,NOT_STARTED,,
RCPW-16-R12,16,Penteract World Coordinate Model,8S/Penteract mappings are versioned independently from runtime schemas so mathematical experimentation cannot silently alter canonical save semantics.,4.0.0,,,,,,,,,,,,,,,,,,,,,,NOT_STARTED,,
RCPW-16-R13,16,Penteract World Coordinate Model,Uncertainty/confidence attached to experimental mathematical mappings propagates into diagnostics and gate status.,4.0.0,,,,,,,,,,,,,,,,,,,,,,NOT_STARTED,,
RCPW-16-R14,16,Penteract World Coordinate Model,"Projection and update operators have golden vectors covering normal, boundary, invalid, overflow, NaN/Inf, and extreme-distance conditions.",4.0.0,,,,,,,,,,,,,,,,,,,,,,NOT_STARTED,,
RCPW-17-R11,17,QUORUM Fold Operator,"The fold operator has machine-checkable algebraic/property tests for near-field identity, monotonic radial order, bounded projection, canonical target uniqueness, and deterministic re-reference.",4.0.0,,,,,,,,,,,,,,,,,,,,,,NOT_STARTED,,
RCPW-17-R12,17,QUORUM Fold Operator,Fold derivatives or equivalent local distortion measures are bounded per shell; violation triggers explicit fallback or safe mode.,4.0.0,,,,,,,,,,,,,,,,,,,,,,NOT_STARTED,,
RCPW-17-R13,17,QUORUM Fold Operator,Operator composition and parameter versions are written into replay evidence whenever they affect visible/reference state.,4.0.0,,,,,,,,,,,,,,,,,,,,,,NOT_STARTED,,
RCPW-17-R14,17,QUORUM Fold Operator,Fold failure handling can revert to a safe non-folded or reduced-scope projection without corrupting canonical state.,4.0.0,,,,,,,,,,,,,,,,,,,,,,NOT_STARTED,,
RCPW-18-R11,18,Multiple Reference Points / Authority Wells,"Authority wells distinguish observation authority, simulation priority, canonical mutation ownership, and presentation ownership instead of conflating them.",4.0.0,,,,,,,,,,,,,,,,,,,,,,NOT_STARTED,,
RCPW-18-R12,18,Multiple Reference Points / Authority Wells,Conflicting observers of the same remote event receive causally consistent outcomes even if presentation fidelity differs.,4.0.0,,,,,,,,,,,,,,,,,,,,,,NOT_STARTED,,
RCPW-18-R13,18,Multiple Reference Points / Authority Wells,Shared ecology/economy/systemic processes are simulated once canonically even when covered by multiple wells.,4.0.0,,,,,,,,,,,,,,,,,,,,,,NOT_STARTED,,
RCPW-18-R14,18,Multiple Reference Points / Authority Wells,Speculative local work created for a temporary well is commit-gated or rollback-capable when the well expires or loses arbitration.,4.0.0,,,,,,,,,,,,,,,,,,,,,,NOT_STARTED,,
RCPW-19-R11,19,World-State Ledger,"World-history queries return provenance and precision class: exact, aggregated, reconstructed, inferred, or unavailable.",4.0.0,,,,,,,,,,,,,,,,,,,,,,NOT_STARTED,,
RCPW-19-R12,19,World-State Ledger,"Indexes, summaries, and analytics are rebuildable derived products and never sole canonical authority.",4.0.0,,,,,,,,,,,,,,,,,,,,,,NOT_STARTED,,
RCPW-19-R13,19,World-State Ledger,"Retention/compaction policies include legal gameplay retention windows for evidence needed by quests, reputation, law, ecology, economy, and reconstruction.",4.0.0,,,,,,,,,,,,,,,,,,,,,,NOT_STARTED,,
RCPW-19-R14,19,World-State Ledger,Materialized historical evidence links back to the exact or aggregate causal records that justify its presence.,4.0.0,,,,,,,,,,,,,,,,,,,,,,NOT_STARTED,,
RCPW-20-R13,20,Core Architecture + System Invariants,"The integrated system has a deterministic boot/startup sequence that validates schemas, canonical snapshots, ledgers, fold configuration, runtime compatibility, and qualification profile before simulation begins.",4.0.0,,,,,,,,,,,,,,,,,,,,,,NOT_STARTED,,
RCPW-20-R14,20,Core Architecture + System Invariants,"Runtime health telemetry exposes canonical revision, scheduler phase, ledger lag, save/checkpoint age, LOD backlog, materialization backlog, shell pressure, fold distortion, and recovery status.",4.0.0,,,,,,,,,,,,,,,,,,,,,,NOT_STARTED,,
RCPW-20-R15,20,Core Architecture + System Invariants,"The final release gate executes the Golden World suite plus a content-scale worldbuilding scenario containing regions, settlements, interiors, ecology, economy, transport, weather, narrative wells, and persistent history.",4.0.0,,,,,,,,,,,,,,,,,,,,,,NOT_STARTED,,
RCPW-20-R16,20,Core Architecture + System Invariants,"Release promotion requires a rollback-tested package, risk disposition, reproducible build/test manifest, compatibility matrix, and explicit statement of which qualification profiles are actually OPERATIONAL.",4.0.0,,,,,,,,,,,,,,,,,,,,,,NOT_STARTED,,
RCPW-01-R15,1,Canonical World Authority,"Canonical world authority is ingestible from a deterministic world-package manifest that enumerates regions, topology, authored content, generated content, schemas, seeds, dependencies, and hashes.",5.0.0,,,,,,,,,,,,,,,,,,,,,,NOT_STARTED,,
RCPW-01-R16,1,Canonical World Authority,"Canonical state supports content-pack activation/deactivation transactions without orphaning identities, ownership, routes, or causal references.",5.0.0,,,,,,,,,,,,,,,,,,,,,,NOT_STARTED,,
RCPW-01-R17,1,Canonical World Authority,"Canonical revisions distinguish world-content revision, runtime-state revision, schema revision, and simulation epoch.",5.0.0,,,,,,,,,,,,,,,,,,,,,,NOT_STARTED,,
RCPW-01-R18,1,Canonical World Authority,Canonical authority provides a content-addressed lookup path for immutable authored assets and a revisioned lookup path for mutable world state.,5.0.0,,,,,,,,,,,,,,,,,,,,,,NOT_STARTED,,
RCPW-01-R19,1,Canonical World Authority,"World-package validation detects missing dependencies, hash mismatch, duplicate identity, incompatible schema, invalid topology, and forbidden authority cycles before runtime boot.",5.0.0,,,,,,,,,,,,,,,,,,,,,,NOT_STARTED,,
RCPW-02-R15,2,Reference Frame Authority,"Reference-frame authority supports moving local frames for mounts, vehicles, trains, elevators, ships, moving platforms, and other nested motion contexts without changing canonical identity.",5.0.0,,,,,,,,,,,,,,,,,,,,,,NOT_STARTED,,
RCPW-02-R16,2,Reference Frame Authority,Nested reference frames have explicit composition/inversion rules and maximum depth or cycle detection.,5.0.0,,,,,,,,,,,,,,,,,,,,,,NOT_STARTED,,
RCPW-02-R17,2,Reference Frame Authority,"Camera-relative, actor-relative, vehicle-relative, and world-relative transforms are separately typed so accidental frame mixing is rejected.",5.0.0,,,,,,,,,,,,,,,,,,,,,,NOT_STARTED,,
RCPW-02-R18,2,Reference Frame Authority,"Reference-frame handoff across portals, moving platforms, and transport vehicles preserves velocity and interaction continuity according to declared frame semantics.",5.0.0,,,,,,,,,,,,,,,,,,,,,,NOT_STARTED,,
RCPW-02-R19,2,Reference Frame Authority,Reference diagnostics provide deterministic transform traces sufficient to reproduce any visible discontinuity.,5.0.0,,,,,,,,,,,,,,,,,,,,,,NOT_STARTED,,
RCPW-03-R15,3,Fold Geometry Authority,Fold geometry supports anisotropic and topology-aware compactification while preserving canonical route ordering and interaction uniqueness.,5.0.0,,,,,,,,,,,,,,,,,,,,,,NOT_STARTED,,
RCPW-03-R16,3,Fold Geometry Authority,"Fold parameters may adapt to terrain, visibility, speed, and content density only through versioned deterministic policy.",5.0.0,,,,,,,,,,,,,,,,,,,,,,NOT_STARTED,,
RCPW-03-R17,3,Fold Geometry Authority,"Folded representations define maximum permitted local scale distortion, angular distortion, and landmark displacement per shell.",5.0.0,,,,,,,,,,,,,,,,,,,,,,NOT_STARTED,,
RCPW-03-R18,3,Fold Geometry Authority,Fold fallback can temporarily widen the near-field or reduce visible scope when distortion constraints cannot be met.,5.0.0,,,,,,,,,,,,,,,,,,,,,,NOT_STARTED,,
RCPW-03-R19,3,Fold Geometry Authority,Fold geometry qualification includes randomized topology/property tests over procedurally generated route graphs and landmark layouts.,5.0.0,,,,,,,,,,,,,,,,,,,,,,NOT_STARTED,,
RCPW-04-R15,4,Simulation LOD Authority,"Simulation LOD authority defines subsystem-specific fidelity contracts for AI, ecology, economy, weather, navigation, combat, transport, and narrative events.",5.0.0,,,,,,,,,,,,,,,,,,,,,,NOT_STARTED,,
RCPW-04-R16,4,Simulation LOD Authority,Cross-subsystem LOD combinations are validated so incompatible fidelity pairs cannot create causally impossible results.,5.0.0,,,,,,,,,,,,,,,,,,,,,,NOT_STARTED,,
RCPW-04-R17,4,Simulation LOD Authority,"LOD promotion scheduling reserves capacity for interaction-critical entities, event barriers, and recovery work before cosmetic/background promotions.",5.0.0,,,,,,,,,,,,,,,,,,,,,,NOT_STARTED,,
RCPW-04-R18,4,Simulation LOD Authority,"Approximation debt is accumulated and repaid when an entity or region returns to higher fidelity, with bounded reconciliation work.",5.0.0,,,,,,,,,,,,,,,,,,,,,,NOT_STARTED,,
RCPW-04-R19,4,Simulation LOD Authority,"LOD telemetry records approximation class, error budget, deferred obligations, promotion debt, and last full-fidelity checkpoint.",5.0.0,,,,,,,,,,,,,,,,,,,,,,NOT_STARTED,,
RCPW-05-R15,5,Entity Persistence Authority,"Entity persistence supports deterministic spawn provenance, including authored identity, generated seed lineage, parent template, and creation event.",5.0.0,,,,,,,,,,,,,,,,,,,,,,NOT_STARTED,,
RCPW-05-R16,5,Entity Persistence Authority,"Persistent entities expose capability/ownership tokens or equivalent guards for mutation by AI, combat, inventory, transport, and mission systems.",5.0.0,,,,,,,,,,,,,,,,,,,,,,NOT_STARTED,,
RCPW-05-R17,5,Entity Persistence Authority,Cross-region migration preserves canonical route progress and does not teleport entities due solely to fold compression.,5.0.0,,,,,,,,,,,,,,,,,,,,,,NOT_STARTED,,
RCPW-05-R18,5,Entity Persistence Authority,Entity reconstruction validates required assets/components and degrades to an explicit non-interactive placeholder only when canonical identity remains intact.,5.0.0,,,,,,,,,,,,,,,,,,,,,,NOT_STARTED,,
RCPW-05-R19,5,Entity Persistence Authority,"Persistence qualification includes high-volume churn of temporary evidence/entities without leaking memory, identities, tombstones, or ledger references.",5.0.0,,,,,,,,,,,,,,,,,,,,,,NOT_STARTED,,
RCPW-06-R15,6,Causal Ledger Authority,Causal ledger events use stable event-class schemas with forward-compatible unknown-field handling and explicit rejection of incompatible semantics.,5.0.0,,,,,,,,,,,,,,,,,,,,,,NOT_STARTED,,
RCPW-06-R16,6,Causal Ledger Authority,Ledger commit is coordinated with canonical-state commit so no durable event claims a mutation that failed to commit.,5.0.0,,,,,,,,,,,,,,,,,,,,,,NOT_STARTED,,
RCPW-06-R17,6,Causal Ledger Authority,Remote abstract resolutions record the model/version and fidelity class that produced the outcome.,5.0.0,,,,,,,,,,,,,,,,,,,,,,NOT_STARTED,,
RCPW-06-R18,6,Causal Ledger Authority,Ledger retention can preserve compact causal proofs for long-lived world consequences after detailed telemetry is discarded.,5.0.0,,,,,,,,,,,,,,,,,,,,,,NOT_STARTED,,
RCPW-06-R19,6,Causal Ledger Authority,Causal-debug tooling can bisect replay divergence to the first canonical revision/event at which state digests differ.,5.0.0,,,,,,,,,,,,,,,,,,,,,,NOT_STARTED,,
RCPW-07-R15,7,Ecology Authority,"Ecology authority exposes habitat capacity, migration routes, resource flows, predation pressure, and human interference as canonical graph/state inputs rather than display-space approximations.",5.0.0,,,,,,,,,,,,,,,,,,,,,,NOT_STARTED,,
RCPW-07-R16,7,Ecology Authority,"Ecological cohorts support deterministic split/merge operations when regions fold, unfold, divide, or materialize.",5.0.0,,,,,,,,,,,,,,,,,,,,,,NOT_STARTED,,
RCPW-07-R17,7,Ecology Authority,Remote ecology can suspend at event barriers requiring direct interaction rather than fabricating high-detail outcomes.,5.0.0,,,,,,,,,,,,,,,,,,,,,,NOT_STARTED,,
RCPW-07-R18,7,Ecology Authority,Ecological materialization selects individuals from cohort state without changing conserved population/resource totals beyond declared stochastic tolerance.,5.0.0,,,,,,,,,,,,,,,,,,,,,,NOT_STARTED,,
RCPW-07-R19,7,Ecology Authority,"Ecology qualification includes long-soak biodiversity, resource depletion/recovery, seasonal migration, and repeated individual↔cohort cycling.",5.0.0,,,,,,,,,,,,,,,,,,,,,,NOT_STARTED,,
RCPW-08-R15,8,Civilization / Economy Authority,"Civilization/economy authority includes household, workplace, production-site, merchant, transport, and jurisdiction relationships in the canonical world graph.",5.0.0,,,,,,,,,,,,,,,,,,,,,,NOT_STARTED,,
RCPW-08-R16,8,Civilization / Economy Authority,Economic transactions are double-entry or equivalently conservation-auditable for money/inventory/value flows where applicable.,5.0.0,,,,,,,,,,,,,,,,,,,,,,NOT_STARTED,,
RCPW-08-R17,8,Civilization / Economy Authority,Remote settlements maintain schedule/time-zone or local-time semantics from canonical time rather than player proximity.,5.0.0,,,,,,,,,,,,,,,,,,,,,,NOT_STARTED,,
RCPW-08-R18,8,Civilization / Economy Authority,"Markets and logistics expose delivery promises, backorders, shortages, substitution, and recovery state that persists across folding.",5.0.0,,,,,,,,,,,,,,,,,,,,,,NOT_STARTED,,
RCPW-08-R19,8,Civilization / Economy Authority,"Economy qualification includes multi-settlement shocks, route loss/restoration, population movement, and repeated materialization without inventory duplication.",5.0.0,,,,,,,,,,,,,,,,,,,,,,NOT_STARTED,,
RCPW-09-R15,9,Narrative Gravity Authority,"Narrative gravity consumes explicit story/event metadata but does not own canonical facts such as death, travel, inventory, location, or destruction.",5.0.0,,,,,,,,,,,,,,,,,,,,,,NOT_STARTED,,
RCPW-09-R16,9,Narrative Gravity Authority,Narrative authority supports event reservation so two authored/systemic events cannot simultaneously claim an exclusive actor/resource without arbitration.,5.0.0,,,,,,,,,,,,,,,,,,,,,,NOT_STARTED,,
RCPW-09-R17,9,Narrative Gravity Authority,Story/event conditions are evaluated against canonical state and ledger history rather than render presence.,5.0.0,,,,,,,,,,,,,,,,,,,,,,NOT_STARTED,,
RCPW-09-R18,9,Narrative Gravity Authority,"Deferred narrative events carry expiration, escalation, and fallback semantics so off-screen blocking cannot deadlock the world.",5.0.0,,,,,,,,,,,,,,,,,,,,,,NOT_STARTED,,
RCPW-09-R19,9,Narrative Gravity Authority,"Narrative qualification includes competing events, player avoidance, rapid traversal, save/reload, reference handoff, and long off-screen intervals.",5.0.0,,,,,,,,,,,,,,,,,,,,,,NOT_STARTED,,
RCPW-10-R15,10,Materialization Authority,"Materialization is driven by an explicit dependency graph covering geometry, collision, navigation, AI, animation, audio, inventory, interaction, and event bindings.",5.0.0,,,,,,,,,,,,,,,,,,,,,,NOT_STARTED,,
RCPW-10-R16,10,Materialization Authority,Partial readiness is machine-readable and interaction is permitted only when the required dependency subset is authoritative and ready.,5.0.0,,,,,,,,,,,,,,,,,,,,,,NOT_STARTED,,
RCPW-10-R17,10,Materialization Authority,"Materialization supports deterministic warm-start of moving actors/vehicles from canonical route phase, velocity, animation, and physics state.",5.0.0,,,,,,,,,,,,,,,,,,,,,,NOT_STARTED,,
RCPW-10-R18,10,Materialization Authority,Cancellation and eviction release derived resources in dependency-safe order while preserving canonical state and unresolved obligations.,5.0.0,,,,,,,,,,,,,,,,,,,,,,NOT_STARTED,,
RCPW-10-R19,10,Materialization Authority,"Content-scale qualification measures p50/p95/p99 materialization latency, backlog recovery time, memory burst, I/O burst, and missed interaction deadlines.",5.0.0,,,,,,,,,,,,,,,,,,,,,,NOT_STARTED,,
RCPW-11-R15,11,Visibility / Rendering Authority,"Visibility/rendering consumes a world-compiler-produced hierarchy of regions, visibility cells, portals, landmarks, and fold-safe representation tiers.",5.0.0,,,,,,,,,,,,,,,,,,,,,,NOT_STARTED,,
RCPW-11-R16,11,Visibility / Rendering Authority,Rendering and audio use separate fidelity/budget policies while sharing canonical identity and event timing.,5.0.0,,,,,,,,,,,,,,,,,,,,,,NOT_STARTED,,
RCPW-11-R17,11,Visibility / Rendering Authority,"Temporal effects have explicit reset/reprojection rules for portal transitions, fold-parameter changes, origin rebases, teleports, and moving-frame handoffs.",5.0.0,,,,,,,,,,,,,,,,,,,,,,NOT_STARTED,,
RCPW-11-R18,11,Visibility / Rendering Authority,Visual landmark substitution at extreme fold distance records canonical identity so materialization cannot swap one landmark for another.,5.0.0,,,,,,,,,,,,,,,,,,,,,,NOT_STARTED,,
RCPW-11-R19,11,Visibility / Rendering Authority,"Qualification includes automated image/telemetry comparison for seam popping, landmark duplication, horizon inversion, temporal ghosting, and frame-time spikes.",5.0.0,,,,,,,,,,,,,,,,,,,,,,NOT_STARTED,,
RCPW-12-R15,12,Save / Replay Authority,"Save/replay persists world-package version/hash, compiler version, runtime ABI version, scheduler version, fold-policy version, schema versions, and deterministic-random stream metadata.",5.0.0,,,,,,,,,,,,,,,,,,,,,,NOT_STARTED,,
RCPW-12-R16,12,Save / Replay Authority,Save compatibility is validated against a machine-readable migration matrix before canonical state is touched.,5.0.0,,,,,,,,,,,,,,,,,,,,,,NOT_STARTED,,
RCPW-12-R17,12,Save / Replay Authority,Incremental checkpoints identify dirty canonical partitions and prove cross-partition consistency at the checkpoint barrier.,5.0.0,,,,,,,,,,,,,,,,,,,,,,NOT_STARTED,,
RCPW-12-R18,12,Save / Replay Authority,Replay can execute in headless verification mode to validate canonical digests without materializing full presentation state.,5.0.0,,,,,,,,,,,,,,,,,,,,,,NOT_STARTED,,
RCPW-12-R19,12,Save / Replay Authority,"Long-soak qualification repeatedly checkpoints, crashes, recovers, migrates, and replays while measuring recovery time and storage growth.",5.0.0,,,,,,,,,,,,,,,,,,,,,,NOT_STARTED,,
RCPW-13-R15,13,Reference-Centric World Shells,"Reference-centric shells are emitted from or validated against world-compiler metadata for content density, portal complexity, route complexity, and expected materialization cost.",5.0.0,,,,,,,,,,,,,,,,,,,,,,NOT_STARTED,,
RCPW-13-R16,13,Reference-Centric World Shells,"Shell policies reserve dedicated capacity for portals/interiors, moving transport, combat/event barriers, and recovery operations.",5.0.0,,,,,,,,,,,,,,,,,,,,,,NOT_STARTED,,
RCPW-13-R17,13,Reference-Centric World Shells,Shell adaptation exposes a bounded control law with anti-windup or equivalent stabilization against sustained overload.,5.0.0,,,,,,,,,,,,,,,,,,,,,,NOT_STARTED,,
RCPW-13-R18,13,Reference-Centric World Shells,"Shell debug output can reconstruct why any entity changed shell, LOD, or materialization state at a given canonical tick.",5.0.0,,,,,,,,,,,,,,,,,,,,,,NOT_STARTED,,
RCPW-13-R19,13,Reference-Centric World Shells,"Shell qualification includes dense city, sparse wilderness, underground/interior, transport corridor, and rapid oscillation profiles.",5.0.0,,,,,,,,,,,,,,,,,,,,,,NOT_STARTED,,
RCPW-14-R15,14,No-Unload Representation Transitions,"No-unload transitions have subsystem-specific conservation contracts for navigation progress, combat state, transport phase, economy obligations, ecology state, and narrative reservations.",5.0.0,,,,,,,,,,,,,,,,,,,,,,NOT_STARTED,,
RCPW-14-R16,14,No-Unload Representation Transitions,"Abstract state may use compressed representation, but unresolved exclusive ownership and event reservations remain exact.",5.0.0,,,,,,,,,,,,,,,,,,,,,,NOT_STARTED,,
RCPW-14-R17,14,No-Unload Representation Transitions,Transition code supports versioned migration so representation formats may evolve without invalidating persistent identity.,5.0.0,,,,,,,,,,,,,,,,,,,,,,NOT_STARTED,,
RCPW-14-R18,14,No-Unload Representation Transitions,Demotion may be rejected when required event barriers or dependencies make abstraction unsafe.,5.0.0,,,,,,,,,,,,,,,,,,,,,,NOT_STARTED,,
RCPW-14-R19,14,No-Unload Representation Transitions,"Qualification includes randomized transition graphs, cancellation/reversal, save during transition, crash during transition, and replay after recovery.",5.0.0,,,,,,,,,,,,,,,,,,,,,,NOT_STARTED,,
RCPW-15-R15,15,High-Speed Traversal Fold / Unfold,"High-speed traversal integrates route-aware prediction from canonical navigation graphs, not only velocity extrapolation.",5.0.0,,,,,,,,,,,,,,,,,,,,,,NOT_STARTED,,
RCPW-15-R16,15,High-Speed Traversal Fold / Unfold,"Moving transport may become a temporary reference/authority well so passengers, cargo, nearby hazards, and upcoming route segments receive coherent fidelity.",5.0.0,,,,,,,,,,,,,,,,,,,,,,NOT_STARTED,,
RCPW-15-R17,15,High-Speed Traversal Fold / Unfold,"Traversal prewarm treats portals, tunnels, bridges, stations, dense settlements, and scripted/event barriers as high-cost milestones.",5.0.0,,,,,,,,,,,,,,,,,,,,,,NOT_STARTED,,
RCPW-15-R18,15,High-Speed Traversal Fold / Unfold,Backpressure can reduce speculative look-ahead without delaying canonical transport or world time.,5.0.0,,,,,,,,,,,,,,,,,,,,,,NOT_STARTED,,
RCPW-15-R19,15,High-Speed Traversal Fold / Unfold,"Qualification covers mounts, fast ground transport, rail-like transport, vertical transport, portal travel, teleportation, and rapid reference switching.",5.0.0,,,,,,,,,,,,,,,,,,,,,,NOT_STARTED,,
RCPW-16-R15,16,Penteract World Coordinate Model,Penteract world-coordinate metadata is serialized with explicit schema and mathematical-model version so saves/replays cannot silently reinterpret non-spatial dimensions.,5.0.0,,,,,,,,,,,,,,,,,,,,,,NOT_STARTED,,
RCPW-16-R16,16,Penteract World Coordinate Model,"Each extended-state component has a declared authority owner, update cadence, valid range, precision, and fallback when experimental mappings are disabled.",5.0.0,,,,,,,,,,,,,,,,,,,,,,NOT_STARTED,,
RCPW-16-R17,16,Penteract World Coordinate Model,8S-derived quantities are isolated behind adapter interfaces and can be disabled without changing canonical spatial/topological truth.,5.0.0,,,,,,,,,,,,,,,,,,,,,,NOT_STARTED,,
RCPW-16-R18,16,Penteract World Coordinate Model,"Numerical conditioning tests cover long simulation duration, extreme canonical distance, repeated rebasing, and repeated fold parameter adaptation.",5.0.0,,,,,,,,,,,,,,,,,,,,,,NOT_STARTED,,
RCPW-16-R19,16,Penteract World Coordinate Model,"Mathematical qualification includes reference vectors, property tests, sensitivity analysis, and machine-readable mapping status for every runtime-connected term.",5.0.0,,,,,,,,,,,,,,,,,,,,,,NOT_STARTED,,
RCPW-17-R15,17,QUORUM Fold Operator,"Fold-operator implementation exposes a canonical targeting service shared by interaction, navigation, audio landmarks, and debug tooling.",5.0.0,,,,,,,,,,,,,,,,,,,,,,NOT_STARTED,,
RCPW-17-R16,17,QUORUM Fold Operator,Fold policy is compiled/versioned as data so identical world-package plus fold-policy versions reproduce the same reference projection.,5.0.0,,,,,,,,,,,,,,,,,,,,,,NOT_STARTED,,
RCPW-17-R17,17,QUORUM Fold Operator,"Operator fallback states are explicit: normal fold, conservative fold, widened near-field, reduced horizon, and safe non-folded local mode.",5.0.0,,,,,,,,,,,,,,,,,,,,,,NOT_STARTED,,
RCPW-17-R18,17,QUORUM Fold Operator,Operator performance is bounded with declared per-frame/per-tick cost independent from world canonical population size except through active representation sets.,5.0.0,,,,,,,,,,,,,,,,,,,,,,NOT_STARTED,,
RCPW-17-R19,17,QUORUM Fold Operator,"Qualification includes randomized reference paths, moving landmarks, topology changes, portal crossings, and extreme entity density near fold horizons.",5.0.0,,,,,,,,,,,,,,,,,,,,,,NOT_STARTED,,
RCPW-18-R15,18,Multiple Reference Points / Authority Wells,"Multiple authority wells are scheduled by a global ownership/arbitration service with deterministic priority, reserve budgets, and starvation bounds.",5.0.0,,,,,,,,,,,,,,,,,,,,,,NOT_STARTED,,
RCPW-18-R16,18,Multiple Reference Points / Authority Wells,Remote simulation wells may persist without any camera/renderer consumer when canonical events require continued fidelity.,5.0.0,,,,,,,,,,,,,,,,,,,,,,NOT_STARTED,,
RCPW-18-R17,18,Multiple Reference Points / Authority Wells,Authority-well creation and retirement are transactional with event reservations and canonical ownership transfer.,5.0.0,,,,,,,,,,,,,,,,,,,,,,NOT_STARTED,,
RCPW-18-R18,18,Multiple Reference Points / Authority Wells,Presentation-only observers cannot acquire canonical mutation authority by merely increasing priority.,5.0.0,,,,,,,,,,,,,,,,,,,,,,NOT_STARTED,,
RCPW-18-R19,18,Multiple Reference Points / Authority Wells,"Qualification includes dozens of simultaneous wells, overlapping moving transport, remote battles/events, settlement simulations, and recovery from abrupt well loss.",5.0.0,,,,,,,,,,,,,,,,,,,,,,NOT_STARTED,,
RCPW-19-R15,19,World-State Ledger,World-state ledger supports content-version provenance so historical events remain interpretable after world-package and schema migrations.,5.0.0,,,,,,,,,,,,,,,,,,,,,,NOT_STARTED,,
RCPW-19-R16,19,World-State Ledger,Historical reconstruction can regenerate material evidence while preserving a link to the source event model/version and uncertainty class.,5.0.0,,,,,,,,,,,,,,,,,,,,,,NOT_STARTED,,
RCPW-19-R17,19,World-State Ledger,Ledger queries expose causal cut sets for 'what caused this current state?' and dependency sets for 'what still depends on this event?'.,5.0.0,,,,,,,,,,,,,,,,,,,,,,NOT_STARTED,,
RCPW-19-R18,19,World-State Ledger,"Archive/compaction keeps a minimum proof sufficient to validate persistent law, reputation, ownership, destruction, economy, ecology, and narrative consequences.",5.0.0,,,,,,,,,,,,,,,,,,,,,,NOT_STARTED,,
RCPW-19-R19,19,World-State Ledger,"Qualification includes multi-day/world-age history, compaction, migration, index rebuild, partial corruption, and independent replay.",5.0.0,,,,,,,,,,,,,,,,,,,,,,NOT_STARTED,,
RCPW-20-R17,20,Core Architecture + System Invariants,"The integrated architecture includes a deterministic world compiler that validates and emits canonical world metadata, dependency graphs, topology, content hashes, seeds, visibility/portal data, and runtime manifests.",5.0.0,,,,,,,,,,,,,,,,,,,,,,NOT_STARTED,,
RCPW-20-R18,20,Core Architecture + System Invariants,"The runtime kernel has a versioned service ABI defining canonical mutation, scheduler phases, ledger commit, LOD/fold planning, materialization, navigation, AI, environment, rendering views, save/replay, and diagnostics.",5.0.0,,,,,,,,,,,,,,,,,,,,,,NOT_STARTED,,
RCPW-20-R19,20,Core Architecture + System Invariants,"The final qualification executes a content-scale world containing wilderness, multiple settlements, interiors, transport networks, ecology, economy, law/reputation, weather, narrative events, persistent agents, and long-lived history under continuous folding.",5.0.0,,,,,,,,,,,,,,,,,,,,,,NOT_STARTED,,
RCPW-20-R20,20,Core Architecture + System Invariants,"The release includes a headless deterministic verifier capable of loading a world package/save, replaying Golden World traces, and emitting canonical checkpoint digests without full rendering.",5.0.0,,,,,,,,,,,,,,,,,,,,,,NOT_STARTED,,
RCPW-20-R21,20,Core Architecture + System Invariants,"The 5.0 promotion gate requires all mandatory QP/WQ gates, 40 Golden World scenarios, long-soak stability, rollback proof, world-package reproducibility, runtime ABI compatibility, and an explicit blocker ledger.",5.0.0,,,,,,,,,,,,,,,,,,,,,,NOT_STARTED,,
RCPW-01-R20,1,Canonical World Authority,"Canonical authority is partition-aware but partition-neutral: moving a region/entity between storage or execution partitions cannot change canonical identity, topology, time, ownership, or history.",6.0.0,,,,,,,,,,,,,,,,,,,,,,NOT_STARTED,,
RCPW-01-R21,1,Canonical World Authority,"Cross-partition canonical mutations use explicit transactions, revision checks, commit/abort semantics, and deterministic conflict resolution.",6.0.0,,,,,,,,,,,,,,,,,,,,,,NOT_STARTED,,
RCPW-01-R22,1,Canonical World Authority,World-package activation is atomic at the dependency-set level so partially activated content cannot become canonical truth.,6.0.0,,,,,,,,,,,,,,,,,,,,,,NOT_STARTED,,
RCPW-01-R23,1,Canonical World Authority,"Canonical state exposes provenance from source content through compiler artifact, runtime partition, mutation event, checkpoint, and replay digest.",6.0.0,,,,,,,,,,,,,,,,,,,,,,NOT_STARTED,,
RCPW-01-R24,1,Canonical World Authority,"A canonical-state verifier can validate identity uniqueness, topology closure, revision consistency, ledger correspondence, and partition ownership without rendering the world.",6.0.0,,,,,,,,,,,,,,,,,,,,,,NOT_STARTED,,
RCPW-02-R20,2,Reference Frame Authority,Reference frames remain deterministic when their source entities are simulated on different execution partitions or worker lanes.,6.0.0,,,,,,,,,,,,,,,,,,,,,,NOT_STARTED,,
RCPW-02-R21,2,Reference Frame Authority,Nested moving frames carry explicit tick/epoch stamps so stale frame transforms are rejected rather than interpolated as current truth.,6.0.0,,,,,,,,,,,,,,,,,,,,,,NOT_STARTED,,
RCPW-02-R22,2,Reference Frame Authority,Reference-frame consumers can recover after worker/partition restart from canonical state plus deterministic scheduler history.,6.0.0,,,,,,,,,,,,,,,,,,,,,,NOT_STARTED,,
RCPW-02-R23,2,Reference Frame Authority,"Rebasing is coordinated with temporal render history, physics broadphase state, navigation caches, audio spatialization, and interaction targeting through explicit invalidation contracts.",6.0.0,,,,,,,,,,,,,,,,,,,,,,NOT_STARTED,,
RCPW-02-R24,2,Reference Frame Authority,"Reference qualification includes adversarial handoff during partition migration, checkpointing, high-speed travel, and nested moving-frame transitions.",6.0.0,,,,,,,,,,,,,,,,,,,,,,NOT_STARTED,,
RCPW-03-R20,3,Fold Geometry Authority,Fold geometry can be evaluated in parallel over independent representation sets while using one versioned fold-policy authority.,6.0.0,,,,,,,,,,,,,,,,,,,,,,NOT_STARTED,,
RCPW-03-R21,3,Fold Geometry Authority,Fold-policy updates are transactional and cannot create mixed-policy visible frames or ambiguous interaction targets.,6.0.0,,,,,,,,,,,,,,,,,,,,,,NOT_STARTED,,
RCPW-03-R22,3,Fold Geometry Authority,Spatial acceleration structures used by folded presentation are derived products and rebuildable from canonical topology/content.,6.0.0,,,,,,,,,,,,,,,,,,,,,,NOT_STARTED,,
RCPW-03-R23,3,Fold Geometry Authority,Fold-horizon representations include deterministic de-duplication rules for landmarks and route silhouettes across partition boundaries.,6.0.0,,,,,,,,,,,,,,,,,,,,,,NOT_STARTED,,
RCPW-03-R24,3,Fold Geometry Authority,"Fold qualification includes partition-boundary traversal, policy hot-swap rollback, acceleration-structure rebuild, and worker-loss recovery.",6.0.0,,,,,,,,,,,,,,,,,,,,,,NOT_STARTED,,
RCPW-04-R20,4,Simulation LOD Authority,Simulation LOD scheduling supports deterministic parallel work assignment while canonical commit order remains stable and replayable.,6.0.0,,,,,,,,,,,,,,,,,,,,,,NOT_STARTED,,
RCPW-04-R21,4,Simulation LOD Authority,Subsystem LOD jobs declare read/write sets or equivalent conflict domains so unsafe parallel updates cannot silently race.,6.0.0,,,,,,,,,,,,,,,,,,,,,,NOT_STARTED,,
RCPW-04-R22,4,Simulation LOD Authority,LOD work stealing or dynamic scheduling may change execution placement but not canonical results in deterministic qualification profiles.,6.0.0,,,,,,,,,,,,,,,,,,,,,,NOT_STARTED,,
RCPW-04-R23,4,Simulation LOD Authority,"Approximation debt and promotion debt survive worker restart, checkpoint/recovery, and partition migration.",6.0.0,,,,,,,,,,,,,,,,,,,,,,NOT_STARTED,,
RCPW-04-R24,4,Simulation LOD Authority,LOD qualification compares single-worker and multi-worker canonical checkpoint digests for semantic equivalence.,6.0.0,,,,,,,,,,,,,,,,,,,,,,NOT_STARTED,,
RCPW-05-R20,5,Entity Persistence Authority,Persistent entity ownership is transferable across partitions only through versioned lease/token or transactional ownership handoff.,6.0.0,,,,,,,,,,,,,,,,,,,,,,NOT_STARTED,,
RCPW-05-R21,5,Entity Persistence Authority,Entity references crossing partitions use stable canonical IDs and never rely on process-local pointers as authority.,6.0.0,,,,,,,,,,,,,,,,,,,,,,NOT_STARTED,,
RCPW-05-R22,5,Entity Persistence Authority,Worker failure cannot orphan canonical ownership; recovery deterministically re-establishes authoritative ownership from committed state.,6.0.0,,,,,,,,,,,,,,,,,,,,,,NOT_STARTED,,
RCPW-05-R23,5,Entity Persistence Authority,High-volume transient evidence uses bounded retention/compaction without reusing canonical identities in a way that breaks historical references.,6.0.0,,,,,,,,,,,,,,,,,,,,,,NOT_STARTED,,
RCPW-05-R24,5,Entity Persistence Authority,"Persistence qualification includes forced worker loss during migration, ownership transfer, materialization, save, and ledger commit.",6.0.0,,,,,,,,,,,,,,,,,,,,,,NOT_STARTED,,
RCPW-06-R20,6,Causal Ledger Authority,Causal ledger supports partition-local staging with deterministic global commit/merge semantics for causally interacting events.,6.0.0,,,,,,,,,,,,,,,,,,,,,,NOT_STARTED,,
RCPW-06-R21,6,Causal Ledger Authority,Event sequence/causal ordering remains reconstructible even when simulation work executes concurrently.,6.0.0,,,,,,,,,,,,,,,,,,,,,,NOT_STARTED,,
RCPW-06-R22,6,Causal Ledger Authority,"Ledger replication or redundant persistence, where configured, uses explicit quorum/commit semantics and never treats an uncommitted replica as canonical.",6.0.0,,,,,,,,,,,,,,,,,,,,,,NOT_STARTED,,
RCPW-06-R23,6,Causal Ledger Authority,Ledger compaction preserves cross-partition causal links and migration provenance.,6.0.0,,,,,,,,,,,,,,,,,,,,,,NOT_STARTED,,
RCPW-06-R24,6,Causal Ledger Authority,Replay verification can reproduce a global causal cut from multiple partition segments and detect missing or duplicated commits.,6.0.0,,,,,,,,,,,,,,,,,,,,,,NOT_STARTED,,
RCPW-07-R20,7,Ecology Authority,Ecological regions may execute on different workers/partitions while migration and shared-resource boundaries use canonical transfer events.,6.0.0,,,,,,,,,,,,,,,,,,,,,,NOT_STARTED,,
RCPW-07-R21,7,Ecology Authority,Cohort split/merge across partition boundaries is deterministic and conservation-audited.,6.0.0,,,,,,,,,,,,,,,,,,,,,,NOT_STARTED,,
RCPW-07-R22,7,Ecology Authority,Ecological worker restart resumes from checkpoint plus ledger without population duplication or lost resource debt.,6.0.0,,,,,,,,,,,,,,,,,,,,,,NOT_STARTED,,
RCPW-07-R23,7,Ecology Authority,Environment/ecology coupling across partitions uses explicit boundary state and canonical simulation time.,6.0.0,,,,,,,,,,,,,,,,,,,,,,NOT_STARTED,,
RCPW-07-R24,7,Ecology Authority,Ecology scale qualification compares partitioned and reference single-partition runs within declared stochastic/conservation tolerances.,6.0.0,,,,,,,,,,,,,,,,,,,,,,NOT_STARTED,,
RCPW-08-R20,8,Civilization / Economy Authority,"Settlement/economy partitions exchange trade, transport, migration, law, and ownership changes through canonical transactions rather than shared mutable caches.",6.0.0,,,,,,,,,,,,,,,,,,,,,,NOT_STARTED,,
RCPW-08-R21,8,Civilization / Economy Authority,Cross-region economic transfers are idempotent and exactly-once at the canonical ledger level or use an explicitly equivalent compensation protocol.,6.0.0,,,,,,,,,,,,,,,,,,,,,,NOT_STARTED,,
RCPW-08-R22,8,Civilization / Economy Authority,"Economic worker restart cannot duplicate money, inventory, population, deliveries, or outstanding obligations.",6.0.0,,,,,,,,,,,,,,,,,,,,,,NOT_STARTED,,
RCPW-08-R23,8,Civilization / Economy Authority,Regional simulation lag is bounded and surfaced; stale economic state cannot silently satisfy interaction-critical transactions.,6.0.0,,,,,,,,,,,,,,,,,,,,,,NOT_STARTED,,
RCPW-08-R24,8,Civilization / Economy Authority,"Economy scale qualification includes concurrent settlements, partition migration, route disruption, worker loss, recovery, and ledger reconciliation.",6.0.0,,,,,,,,,,,,,,,,,,,,,,NOT_STARTED,,
RCPW-09-R20,9,Narrative Gravity Authority,Narrative reservations and authority wells are globally arbitrated even when actors/events are simulated on different workers.,6.0.0,,,,,,,,,,,,,,,,,,,,,,NOT_STARTED,,
RCPW-09-R21,9,Narrative Gravity Authority,Exclusive actor/resource reservations use deterministic conflict resolution and survive partition migration/recovery.,6.0.0,,,,,,,,,,,,,,,,,,,,,,NOT_STARTED,,
RCPW-09-R22,9,Narrative Gravity Authority,Narrative state read from a lagging partition is revision-checked before committing canonical story consequences.,6.0.0,,,,,,,,,,,,,,,,,,,,,,NOT_STARTED,,
RCPW-09-R23,9,Narrative Gravity Authority,Authored live-content updates cannot rewrite completed canonical history unless delivered as explicit versioned migration/retcon events.,6.0.0,,,,,,,,,,,,,,,,,,,,,,NOT_STARTED,,
RCPW-09-R24,9,Narrative Gravity Authority,"Narrative qualification includes hot content patch, worker restart, competing reservations, long off-screen deferral, and rollback.",6.0.0,,,,,,,,,,,,,,,,,,,,,,NOT_STARTED,,
RCPW-10-R20,10,Materialization Authority,"Materialization dependencies can be fetched/constructed asynchronously, but canonical readiness gates remain deterministic and revision-checked.",6.0.0,,,,,,,,,,,,,,,,,,,,,,NOT_STARTED,,
RCPW-10-R21,10,Materialization Authority,Materialization queues are partition-aware and support migration/cancellation without duplicate embodiment.,6.0.0,,,,,,,,,,,,,,,,,,,,,,NOT_STARTED,,
RCPW-10-R22,10,Materialization Authority,Derived asset streaming failure cannot cause canonical entity deletion or ownership transfer.,6.0.0,,,,,,,,,,,,,,,,,,,,,,NOT_STARTED,,
RCPW-10-R23,10,Materialization Authority,Hot-reloaded presentation assets are versioned separately from canonical semantic state and can roll back independently.,6.0.0,,,,,,,,,,,,,,,,,,,,,,NOT_STARTED,,
RCPW-10-R24,10,Materialization Authority,Materialization qualification includes concurrent dense-region hydration across multiple workers/storage tiers with deterministic interaction readiness.,6.0.0,,,,,,,,,,,,,,,,,,,,,,NOT_STARTED,,
RCPW-11-R20,11,Visibility / Rendering Authority,Rendering consumes immutable per-frame world-view snapshots or equivalent coherent views so parallel canonical updates cannot tear a visible frame.,6.0.0,,,,,,,,,,,,,,,,,,,,,,NOT_STARTED,,
RCPW-11-R21,11,Visibility / Rendering Authority,"Render workers may be decoupled from simulation workers, but presentation lag is measured and cannot be mistaken for canonical state.",6.0.0,,,,,,,,,,,,,,,,,,,,,,NOT_STARTED,,
RCPW-11-R22,11,Visibility / Rendering Authority,Fold/LOD/reference metadata carried into rendering is version stamped so mixed-frame state is detected.,6.0.0,,,,,,,,,,,,,,,,,,,,,,NOT_STARTED,,
RCPW-11-R23,11,Visibility / Rendering Authority,Asset/visual hot reload supports transactional frame-boundary activation and rollback without changing canonical identity.,6.0.0,,,,,,,,,,,,,,,,,,,,,,NOT_STARTED,,
RCPW-11-R24,11,Visibility / Rendering Authority,"Rendering qualification includes worker restart, asset version rollback, fold-policy change, origin rebase, portal crossing, and presentation backlog.",6.0.0,,,,,,,,,,,,,,,,,,,,,,NOT_STARTED,,
RCPW-12-R20,12,Save / Replay Authority,"Save/checkpoint authority captures a globally coherent cut across partitions using an explicit barrier, snapshot algorithm, or transactional equivalent.",6.0.0,,,,,,,,,,,,,,,,,,,,,,NOT_STARTED,,
RCPW-12-R21,12,Save / Replay Authority,Checkpoint metadata records partition membership/ownership so recovery can remap partitions without changing canonical semantics.,6.0.0,,,,,,,,,,,,,,,,,,,,,,NOT_STARTED,,
RCPW-12-R22,12,Save / Replay Authority,Concurrent checkpoint and content-patch activation are serialized or coordinated by a declared compatibility protocol.,6.0.0,,,,,,,,,,,,,,,,,,,,,,NOT_STARTED,,
RCPW-12-R23,12,Save / Replay Authority,Headless replay can recover a multi-partition save into a different worker layout and reproduce canonical checkpoint digests.,6.0.0,,,,,,,,,,,,,,,,,,,,,,NOT_STARTED,,
RCPW-12-R24,12,Save / Replay Authority,"Save qualification includes partial partition loss, incomplete replica, stale checkpoint fragment, remapping, migration, and repeated recovery.",6.0.0,,,,,,,,,,,,,,,,,,,,,,NOT_STARTED,,
RCPW-13-R20,13,Reference-Centric World Shells,World-shell scheduling can distribute shell/region workloads across workers while preserving one canonical shell/LOD decision trace.,6.0.0,,,,,,,,,,,,,,,,,,,,,,NOT_STARTED,,
RCPW-13-R21,13,Reference-Centric World Shells,Adaptive shell controllers consume globally coherent budget/backlog telemetry rather than inconsistent worker-local estimates for promotion decisions.,6.0.0,,,,,,,,,,,,,,,,,,,,,,NOT_STARTED,,
RCPW-13-R22,13,Reference-Centric World Shells,Shell workload migration is transparent to canonical entity identity and reference-space continuity.,6.0.0,,,,,,,,,,,,,,,,,,,,,,NOT_STARTED,,
RCPW-13-R23,13,Reference-Centric World Shells,Shell saturation triggers deterministic admission/backpressure policies across workers.,6.0.0,,,,,,,,,,,,,,,,,,,,,,NOT_STARTED,,
RCPW-13-R24,13,Reference-Centric World Shells,"Qualification includes asymmetric worker capacity, worker loss, hot addition/removal of workers, and reference travel across migrated shell workloads.",6.0.0,,,,,,,,,,,,,,,,,,,,,,NOT_STARTED,,
RCPW-14-R20,14,No-Unload Representation Transitions,"Representation transitions may execute asynchronously, but source/target revisions and ownership tokens prevent stale transition completion from overwriting newer state.",6.0.0,,,,,,,,,,,,,,,,,,,,,,NOT_STARTED,,
RCPW-14-R21,14,No-Unload Representation Transitions,Transition work is idempotent or compensatable so retries after failure cannot duplicate canonical consequences.,6.0.0,,,,,,,,,,,,,,,,,,,,,,NOT_STARTED,,
RCPW-14-R22,14,No-Unload Representation Transitions,Cross-partition transitions carry exact unresolved obligations and event reservations before old ownership is released.,6.0.0,,,,,,,,,,,,,,,,,,,,,,NOT_STARTED,,
RCPW-14-R23,14,No-Unload Representation Transitions,Transition format versions are independently migratable and replay-compatible according to the compatibility matrix.,6.0.0,,,,,,,,,,,,,,,,,,,,,,NOT_STARTED,,
RCPW-14-R24,14,No-Unload Representation Transitions,"Qualification includes duplicate/reordered completion messages, retries, cancellations, partition moves, and crash at each transition phase.",6.0.0,,,,,,,,,,,,,,,,,,,,,,NOT_STARTED,,
RCPW-15-R20,15,High-Speed Traversal Fold / Unfold,High-speed traversal prewarm is coordinated across partitions/storage tiers so forward world expansion does not produce a thundering-herd resource failure.,6.0.0,,,,,,,,,,,,,,,,,,,,,,NOT_STARTED,,
RCPW-15-R21,15,High-Speed Traversal Fold / Unfold,Route milestones carry predicted arrival windows and priority classes for deterministic cross-worker prewarm.,6.0.0,,,,,,,,,,,,,,,,,,,,,,NOT_STARTED,,
RCPW-15-R22,15,High-Speed Traversal Fold / Unfold,Transport/reference wells can migrate execution ownership ahead of the player while preserving canonical route phase and passenger state.,6.0.0,,,,,,,,,,,,,,,,,,,,,,NOT_STARTED,,
RCPW-15-R23,15,High-Speed Traversal Fold / Unfold,Speculative prewarm is cancellable and resource-bounded; canonical simulation never waits on cosmetic asset fetch.,6.0.0,,,,,,,,,,,,,,,,,,,,,,NOT_STARTED,,
RCPW-15-R24,15,High-Speed Traversal Fold / Unfold,"Traversal qualification includes cross-partition rail/road/portal travel, worker migration, packet/message delay simulation, and sudden direction reversal.",6.0.0,,,,,,,,,,,,,,,,,,,,,,NOT_STARTED,,
RCPW-16-R20,16,Penteract World Coordinate Model,Extended Penteract/8S state components have serialization/compatibility rules for partition transfer and replay.,6.0.0,,,,,,,,,,,,,,,,,,,,,,NOT_STARTED,,
RCPW-16-R21,16,Penteract World Coordinate Model,Experimental mathematical adapters cannot create divergent canonical results between worker layouts unless the profile explicitly marks the model nondeterministic/experimental.,6.0.0,,,,,,,,,,,,,,,,,,,,,,NOT_STARTED,,
RCPW-16-R22,16,Penteract World Coordinate Model,Numeric types and reduction order for deterministic quantities are specified where parallel aggregation could change results.,6.0.0,,,,,,,,,,,,,,,,,,,,,,NOT_STARTED,,
RCPW-16-R23,16,Penteract World Coordinate Model,"Cross-worker floating-point reductions use deterministic ordering, compensated summation, fixed-point, or another declared equivalence strategy as required.",6.0.0,,,,,,,,,,,,,,,,,,,,,,NOT_STARTED,,
RCPW-16-R24,16,Penteract World Coordinate Model,"Mathematical qualification compares repeated runs across worker counts, partition layouts, long duration, and extreme-distance folds.",6.0.0,,,,,,,,,,,,,,,,,,,,,,NOT_STARTED,,
RCPW-17-R20,17,QUORUM Fold Operator,Fold-operator policy is distributed as immutable versioned configuration so all workers evaluating one canonical epoch use the same operator version.,6.0.0,,,,,,,,,,,,,,,,,,,,,,NOT_STARTED,,
RCPW-17-R21,17,QUORUM Fold Operator,"Parallel fold evaluation merges representation outputs deterministically for seam, landmark, horizon, and interaction-target decisions.",6.0.0,,,,,,,,,,,,,,,,,,,,,,NOT_STARTED,,
RCPW-17-R22,17,QUORUM Fold Operator,Canonical targeting never depends on which worker produced the visible representation.,6.0.0,,,,,,,,,,,,,,,,,,,,,,NOT_STARTED,,
RCPW-17-R23,17,QUORUM Fold Operator,Safe-mode fold fallback is globally coordinated for the affected reference view and is replay-visible.,6.0.0,,,,,,,,,,,,,,,,,,,,,,NOT_STARTED,,
RCPW-17-R24,17,QUORUM Fold Operator,"Operator qualification includes heterogeneous workload placement, worker restart, policy rollback, and deterministic seam reconstruction.",6.0.0,,,,,,,,,,,,,,,,,,,,,,NOT_STARTED,,
RCPW-18-R20,18,Multiple Reference Points / Authority Wells,Authority-well arbitration is a first-class runtime service with deterministic global ordering and partition-independent canonical ownership.,6.0.0,,,,,,,,,,,,,,,,,,,,,,NOT_STARTED,,
RCPW-18-R21,18,Multiple Reference Points / Authority Wells,Authority wells may move between workers without ending the underlying canonical event or resetting simulation fidelity debt.,6.0.0,,,,,,,,,,,,,,,,,,,,,,NOT_STARTED,,
RCPW-18-R22,18,Multiple Reference Points / Authority Wells,Global reserve budgets protect canonical/event-barrier work when many wells compete.,6.0.0,,,,,,,,,,,,,,,,,,,,,,NOT_STARTED,,
RCPW-18-R23,18,Multiple Reference Points / Authority Wells,Well state is checkpointed and recoverable so worker loss does not silently dismiss remote high-priority events.,6.0.0,,,,,,,,,,,,,,,,,,,,,,NOT_STARTED,,
RCPW-18-R24,18,Multiple Reference Points / Authority Wells,"Qualification includes large well counts, cross-worker overlap, event reservations, transport wells, recovery, and deterministic replay.",6.0.0,,,,,,,,,,,,,,,,,,,,,,NOT_STARTED,,
RCPW-19-R20,19,World-State Ledger,World-state ledger archives include partition/worker provenance for diagnostics while canonical event meaning remains execution-layout independent.,6.0.0,,,,,,,,,,,,,,,,,,,,,,NOT_STARTED,,
RCPW-19-R21,19,World-State Ledger,Historical causal queries operate across compacted and repartitioned ledger segments without changing semantic results.,6.0.0,,,,,,,,,,,,,,,,,,,,,,NOT_STARTED,,
RCPW-19-R22,19,World-State Ledger,Archive migration and re-sharding are reproducible maintenance operations with before/after causal digest comparison.,6.0.0,,,,,,,,,,,,,,,,,,,,,,NOT_STARTED,,
RCPW-19-R23,19,World-State Ledger,Long-lived provenance distinguishes runtime execution location from canonical world location to prevent diagnostic metadata becoming gameplay authority.,6.0.0,,,,,,,,,,,,,,,,,,,,,,NOT_STARTED,,
RCPW-19-R24,19,World-State Ledger,"Qualification includes re-sharding, archive compaction, replica recovery, partial index loss, cross-version migration, and global causal query replay.",6.0.0,,,,,,,,,,,,,,,,,,,,,,NOT_STARTED,,
RCPW-20-R22,20,Core Architecture + System Invariants,The integrated 6.0 architecture defines a sovereign world fabric that can run as one process or many deterministic workers without changing canonical world semantics.,6.0.0,,,,,,,,,,,,,,,,,,,,,,NOT_STARTED,,
RCPW-20-R23,20,Core Architecture + System Invariants,"The runtime includes deterministic partitioning/ownership, transactional cross-partition mutation, global ledger ordering, coherent checkpointing, worker recovery, and headless verification contracts.",6.0.0,,,,,,,,,,,,,,,,,,,,,,NOT_STARTED,,
RCPW-20-R24,20,Core Architecture + System Invariants,The world compiler emits partitioning hints and content-density metadata as optimization inputs only; runtime may repartition without changing canonical identity/topology.,6.0.0,,,,,,,,,,,,,,,,,,,,,,NOT_STARTED,,
RCPW-20-R25,20,Core Architecture + System Invariants,The final release includes automated conformance suites that compare canonical outcomes across multiple worker counts/layouts and verify equivalent save/replay results.,6.0.0,,,,,,,,,,,,,,,,,,,,,,NOT_STARTED,,
RCPW-20-R26,20,Core Architecture + System Invariants,"The 6.0 promotion gate requires all mandatory QP/WQ gates, 60 Golden World scenarios, deterministic-parallel conformance, hot-patch/rollback qualification, re-partition recovery, long-soak/chaos evidence, and a complete unresolved-blocker ledger.",6.0.0,,,,,,,,,,,,,,,,,,,,,,NOT_STARTED,,
RCPW-01-R25,1,Canonical World Authority,Canonical world authority supports append-only world expansion by adding new regions/content namespaces without reassigning existing canonical identities or coordinates.,7.0.0,,,,,,,,,,,,,,,,,,,,,,NOT_STARTED,,
RCPW-01-R26,1,Canonical World Authority,"Canonical world history distinguishes world age, era, content generation epoch, and simulation epoch so later synthesis cannot silently rewrite earlier truth.",7.0.0,,,,,,,,,,,,,,,,,,,,,,NOT_STARTED,,
RCPW-01-R27,1,Canonical World Authority,Canonical region retirement/archive is reversible through provenance-backed rehydration and never deletes unresolved causal obligations.,7.0.0,,,,,,,,,,,,,,,,,,,,,,NOT_STARTED,,
RCPW-01-R28,1,Canonical World Authority,Canonical semantic state records ontology/type versions so evolving world concepts remain interpretable across long-lived saves and historical queries.,7.0.0,,,,,,,,,,,,,,,,,,,,,,NOT_STARTED,,
RCPW-01-R29,1,Canonical World Authority,World expansion and archival operations produce semantic before/after digests proving unchanged pre-existing canonical regions outside the declared mutation set.,7.0.0,,,,,,,,,,,,,,,,,,,,,,NOT_STARTED,,
RCPW-02-R25,2,Reference Frame Authority,Reference-frame authority remains stable as newly synthesized regions become canonical and enter the fold horizon.,7.0.0,,,,,,,,,,,,,,,,,,,,,,NOT_STARTED,,
RCPW-02-R26,2,Reference Frame Authority,Reference transforms support astronomical/planetary-scale coordinate magnitudes through declared precision-tier or hierarchical-coordinate policy without changing local interaction precision.,7.0.0,,,,,,,,,,,,,,,,,,,,,,NOT_STARTED,,
RCPW-02-R27,2,Reference Frame Authority,Reference-local observations expose only information physically or narratively available to the observer rather than globally omniscient canonical state.,7.0.0,,,,,,,,,,,,,,,,,,,,,,NOT_STARTED,,
RCPW-02-R28,2,Reference Frame Authority,"Reference transitions between surface, interior, underground, elevated, or other world layers use explicit topology and gravity/frame semantics.",7.0.0,,,,,,,,,,,,,,,,,,,,,,NOT_STARTED,,
RCPW-02-R29,2,Reference Frame Authority,"Reference qualification includes expansion-front traversal, deep historical save replay, archived-region rehydration, and observer-specific knowledge views.",7.0.0,,,,,,,,,,,,,,,,,,,,,,NOT_STARTED,,
RCPW-03-R25,3,Fold Geometry Authority,Fold geometry can compact an expandable world whose canonical extent grows over time without changing previously qualified near-field behavior.,7.0.0,,,,,,,,,,,,,,,,,,,,,,NOT_STARTED,,
RCPW-03-R26,3,Fold Geometry Authority,"Fold horizon policy distinguishes known canonical regions, synthesized-but-unmaterialized regions, archived regions, and intentionally undefined frontier space.",7.0.0,,,,,,,,,,,,,,,,,,,,,,NOT_STARTED,,
RCPW-03-R27,3,Fold Geometry Authority,"World expansion beyond the current horizon is admitted only through canonical world-generation transactions, never by render-time improvisation.",7.0.0,,,,,,,,,,,,,,,,,,,,,,NOT_STARTED,,
RCPW-03-R28,3,Fold Geometry Authority,Folded landmark/horizon summarization preserves region identity and directional/topological consistency as world extent grows.,7.0.0,,,,,,,,,,,,,,,,,,,,,,NOT_STARTED,,
RCPW-03-R29,3,Fold Geometry Authority,"Qualification includes repeated world expansion, archive/rehydration, horizon regeneration, and comparison of old-route geometry before/after expansion.",7.0.0,,,,,,,,,,,,,,,,,,,,,,NOT_STARTED,,
RCPW-04-R25,4,Simulation LOD Authority,"Simulation LOD includes ultra-long-horizon demographic, institutional, ecological, economic, and infrastructure representations for generational world evolution.",7.0.0,,,,,,,,,,,,,,,,,,,,,,NOT_STARTED,,
RCPW-04-R26,4,Simulation LOD Authority,Long-horizon abstraction cannot resolve events whose outcome depends on unknown player-local information or unresolved high-fidelity barriers.,7.0.0,,,,,,,,,,,,,,,,,,,,,,NOT_STARTED,,
RCPW-04-R27,4,Simulation LOD Authority,LOD models expose temporal validity windows so coarse long-horizon predictions are invalidated/recomputed when canonical shocks exceed assumptions.,7.0.0,,,,,,,,,,,,,,,,,,,,,,NOT_STARTED,,
RCPW-04-R28,4,Simulation LOD Authority,Approximation debt includes historical uncertainty and is reduced through re-simulation or evidence-backed reconstruction when a region becomes relevant again.,7.0.0,,,,,,,,,,,,,,,,,,,,,,NOT_STARTED,,
RCPW-04-R29,4,Simulation LOD Authority,Qualification compares short-step and long-horizon simulations over selected reference regions to quantify drift and acceptable semantic error.,7.0.0,,,,,,,,,,,,,,,,,,,,,,NOT_STARTED,,
RCPW-05-R25,5,Entity Persistence Authority,"Persistent entities may participate in birth/creation, aging, succession, inheritance, retirement, death/destruction, and legacy relationships with explicit causal provenance.",7.0.0,,,,,,,,,,,,,,,,,,,,,,NOT_STARTED,,
RCPW-05-R26,5,Entity Persistence Authority,"Entity lineage and role succession are distinct: a shopkeeper, sheriff, leader, household head, or organization role persists semantically even when the occupying entity changes.",7.0.0,,,,,,,,,,,,,,,,,,,,,,NOT_STARTED,,
RCPW-05-R27,5,Entity Persistence Authority,Persistent identity never gets recycled after archival/death in a way that could collide with historical references.,7.0.0,,,,,,,,,,,,,,,,,,,,,,NOT_STARTED,,
RCPW-05-R28,5,Entity Persistence Authority,"Agent knowledge/memory is stored separately from omniscient canonical truth and may be incomplete, stale, false, or inferred according to explicit provenance.",7.0.0,,,,,,,,,,,,,,,,,,,,,,NOT_STARTED,,
RCPW-05-R29,5,Entity Persistence Authority,"Long-duration persistence qualification covers multiple generations/role successions, archival cycles, save migrations, and rehydration without identity collision.",7.0.0,,,,,,,,,,,,,,,,,,,,,,NOT_STARTED,,
RCPW-06-R25,6,Causal Ledger Authority,"Causal ledger supports era-spanning causal summaries that preserve proof chains for long-lived institutions, ownership, reputation, settlement change, and inherited obligations.",7.0.0,,,,,,,,,,,,,,,,,,,,,,NOT_STARTED,,
RCPW-06-R26,6,Causal Ledger Authority,Historical compaction records uncertainty and aggregation class rather than presenting compressed history as exact event detail.,7.0.0,,,,,,,,,,,,,,,,,,,,,,NOT_STARTED,,
RCPW-06-R27,6,Causal Ledger Authority,Counterfactual/debug branches are isolated from canonical history and cannot leak mutations into the authoritative timeline.,7.0.0,,,,,,,,,,,,,,,,,,,,,,NOT_STARTED,,
RCPW-06-R28,6,Causal Ledger Authority,Causal queries can identify both direct causes and historically inherited causes across generational/organizational succession.,7.0.0,,,,,,,,,,,,,,,,,,,,,,NOT_STARTED,,
RCPW-06-R29,6,Causal Ledger Authority,Qualification reconstructs present-day world facts from old checkpoints plus compacted multi-era ledger segments and verifies semantic digests.,7.0.0,,,,,,,,,,,,,,,,,,,,,,NOT_STARTED,,
RCPW-07-R25,7,Ecology Authority,"Ecology supports long-term succession, habitat transformation, local extinction/reintroduction, resource regeneration, and climate/season coupling across world ages.",7.0.0,,,,,,,,,,,,,,,,,,,,,,NOT_STARTED,,
RCPW-07-R26,7,Ecology Authority,Species/cohort migration into newly synthesized regions uses canonical habitat/topology constraints and deterministic provenance.,7.0.0,,,,,,,,,,,,,,,,,,,,,,NOT_STARTED,,
RCPW-07-R27,7,Ecology Authority,"Ecological inheritance tracks persistent habitat changes caused by settlement growth, infrastructure, fire, resource depletion, and restoration.",7.0.0,,,,,,,,,,,,,,,,,,,,,,NOT_STARTED,,
RCPW-07-R28,7,Ecology Authority,Archived ecological regions retain sufficient conserved state to rehydrate populations and causal environmental evidence after long absence.,7.0.0,,,,,,,,,,,,,,,,,,,,,,NOT_STARTED,,
RCPW-07-R29,7,Ecology Authority,"Qualification includes multi-era ecological succession, settlement expansion pressure, climate variation, region synthesis, archive, and later rehydration.",7.0.0,,,,,,,,,,,,,,,,,,,,,,NOT_STARTED,,
RCPW-08-R25,8,Civilization / Economy Authority,"Civilization/economy authority models settlement founding, growth, contraction, abandonment, rebuilding, infrastructure investment, institutional succession, and trade-network evolution.",7.0.0,,,,,,,,,,,,,,,,,,,,,,NOT_STARTED,,
RCPW-08-R26,8,Civilization / Economy Authority,"Demographics include household formation/dissolution, migration, births/creations, deaths/retirement, occupation transfer, and role succession with conservation/accounting rules.",7.0.0,,,,,,,,,,,,,,,,,,,,,,NOT_STARTED,,
RCPW-08-R27,8,Civilization / Economy Authority,"Long-lived property, debt, ownership, contracts, reputation, and institutional obligations survive individual-agent succession where the world rules require it.",7.0.0,,,,,,,,,,,,,,,,,,,,,,NOT_STARTED,,
RCPW-08-R28,8,Civilization / Economy Authority,"New settlements and routes created by systemic/worldbuilding processes are canonical transactions with provenance, budgets, topology validation, and rollback.",7.0.0,,,,,,,,,,,,,,,,,,,,,,NOT_STARTED,,
RCPW-08-R29,8,Civilization / Economy Authority,"Qualification includes multi-generation town growth/decline, migration waves, infrastructure change, route-network evolution, and economic continuity after archival/rehydration.",7.0.0,,,,,,,,,,,,,,,,,,,,,,NOT_STARTED,,
RCPW-09-R25,9,Narrative Gravity Authority,Narrative gravity distinguishes world-history significance from immediate player-story relevance so historically important remote changes may remain durable without consuming high local fidelity indefinitely.,7.0.0,,,,,,,,,,,,,,,,,,,,,,NOT_STARTED,,
RCPW-09-R26,9,Narrative Gravity Authority,Emergent event synthesis must consume canonical conditions and knowledge-locality rules rather than inventing facts required only to satisfy a desired story beat.,7.0.0,,,,,,,,,,,,,,,,,,,,,,NOT_STARTED,,
RCPW-09-R27,9,Narrative Gravity Authority,"NPC dialogue/event eligibility may depend on what the NPC or institution plausibly knows, not merely on global ledger truth.",7.0.0,,,,,,,,,,,,,,,,,,,,,,NOT_STARTED,,
RCPW-09-R28,9,Narrative Gravity Authority,Historical events may seed future narrative opportunities through explicit causal hooks that survive save migration and world archival.,7.0.0,,,,,,,,,,,,,,,,,,,,,,NOT_STARTED,,
RCPW-09-R29,9,Narrative Gravity Authority,"Qualification includes multi-era narrative consequences, rumor/information delay, role succession, emergent event generation, and archival history reactivation.",7.0.0,,,,,,,,,,,,,,,,,,,,,,NOT_STARTED,,
RCPW-10-R25,10,Materialization Authority,"Materialization can reconstruct temporally evolved settlements, infrastructure, agents, ecology, weather context, and visible historical evidence from long-horizon canonical state.",7.0.0,,,,,,,,,,,,,,,,,,,,,,NOT_STARTED,,
RCPW-10-R26,10,Materialization Authority,Rehydration distinguishes exact retained details from statistically reconstructed presentation and exposes provenance for debugging/qualification.,7.0.0,,,,,,,,,,,,,,,,,,,,,,NOT_STARTED,,
RCPW-10-R27,10,Materialization Authority,Materialization of archived regions uses staged semantic rehydration before high-cost assets and cannot fabricate canonical identities absent from the archived state.,7.0.0,,,,,,,,,,,,,,,,,,,,,,NOT_STARTED,,
RCPW-10-R28,10,Materialization Authority,"World-expansion materialization validates synthesized content package, topology, dependencies, and seed provenance before interaction is enabled.",7.0.0,,,,,,,,,,,,,,,,,,,,,,NOT_STARTED,,
RCPW-10-R29,10,Materialization Authority,"Qualification includes first-entry into newly synthesized regions, return after decades-equivalent simulation, ruined/rebuilt settlements, succession, and high-density historical evidence.",7.0.0,,,,,,,,,,,,,,,,,,,,,,NOT_STARTED,,
RCPW-11-R25,11,Visibility / Rendering Authority,Visibility/rendering represents world age and historical change through canonical condition/state rather than static content assumptions.,7.0.0,,,,,,,,,,,,,,,,,,,,,,NOT_STARTED,,
RCPW-11-R26,11,Visibility / Rendering Authority,Folded horizon rendering can summarize newly expanded world extent without exposing undefined or not-yet-canonical geography as interactable fact.,7.0.0,,,,,,,,,,,,,,,,,,,,,,NOT_STARTED,,
RCPW-11-R27,11,Visibility / Rendering Authority,Long-distance landmark replacement reflects canonical construction/destruction/abandonment history and never resurrects obsolete landmarks from stale caches.,7.0.0,,,,,,,,,,,,,,,,,,,,,,NOT_STARTED,,
RCPW-11-R28,11,Visibility / Rendering Authority,"Historical presentation layers such as weathering, vegetation succession, infrastructure decay, and settlement growth remain derived from authoritative state/provenance.",7.0.0,,,,,,,,,,,,,,,,,,,,,,NOT_STARTED,,
RCPW-11-R29,11,Visibility / Rendering Authority,"Qualification compares pre/post-era visual state, expansion-horizon continuity, archive rehydration, and stale-cache rejection.",7.0.0,,,,,,,,,,,,,,,,,,,,,,NOT_STARTED,,
RCPW-12-R25,12,Save / Replay Authority,"Save/replay captures world-age/era, expansion epochs, ontology versions, generation provenance, archive catalog versions, and historical-compaction versions.",7.0.0,,,,,,,,,,,,,,,,,,,,,,NOT_STARTED,,
RCPW-12-R26,12,Save / Replay Authority,Old saves may load into an expanded world only through an explicit compatibility policy that preserves their canonical historical cut and deterministic continuation rules.,7.0.0,,,,,,,,,,,,,,,,,,,,,,NOT_STARTED,,
RCPW-12-R27,12,Save / Replay Authority,Archive/rehydration state is checkpointed so loading cannot accidentally regenerate a historically evolved region from its original seed alone.,7.0.0,,,,,,,,,,,,,,,,,,,,,,NOT_STARTED,,
RCPW-12-R28,12,Save / Replay Authority,Replay can verify long-horizon world evolution by canonical semantic checkpoints even when detailed historical telemetry has been compacted.,7.0.0,,,,,,,,,,,,,,,,,,,,,,NOT_STARTED,,
RCPW-12-R29,12,Save / Replay Authority,"Qualification includes ancient-save migration, world expansion after save, archival restoration, generational state, and headless multi-era replay.",7.0.0,,,,,,,,,,,,,,,,,,,,,,NOT_STARTED,,
RCPW-13-R25,13,Reference-Centric World Shells,Reference-centric shells incorporate temporal relevance and historical rehydration cost when prioritizing archived or long-unvisited regions.,7.0.0,,,,,,,,,,,,,,,,,,,,,,NOT_STARTED,,
RCPW-13-R26,13,Reference-Centric World Shells,Expansion-front regions have explicit shell/materialization admission rules so newly canonical geography cannot overload local simulation on first approach.,7.0.0,,,,,,,,,,,,,,,,,,,,,,NOT_STARTED,,
RCPW-13-R27,13,Reference-Centric World Shells,Shell controllers reserve capacity for semantic rehydration before visual asset hydration when returning to historically evolved regions.,7.0.0,,,,,,,,,,,,,,,,,,,,,,NOT_STARTED,,
RCPW-13-R28,13,Reference-Centric World Shells,Long-horizon world processes may remain outside geometric shells but retain scheduled canonical updates according to world-evolution policy.,7.0.0,,,,,,,,,,,,,,,,,,,,,,NOT_STARTED,,
RCPW-13-R29,13,Reference-Centric World Shells,"Qualification includes travel from old core regions into newly expanded frontier, return to archived regions, high historical backlog, and multiple reference wells.",7.0.0,,,,,,,,,,,,,,,,,,,,,,NOT_STARTED,,
RCPW-14-R25,14,No-Unload Representation Transitions,"No-unload semantics explicitly include archival representation: archival reduces retained detail but preserves canonical identity, topology, conserved state, causal proofs, and unresolved obligations.",7.0.0,,,,,,,,,,,,,,,,,,,,,,NOT_STARTED,,
RCPW-14-R26,14,No-Unload Representation Transitions,"Archival transitions declare irreversible losses, if any, and are prohibited from discarding information required for active quests, law, ownership, lineage, or deterministic recovery.",7.0.0,,,,,,,,,,,,,,,,,,,,,,NOT_STARTED,,
RCPW-14-R27,14,No-Unload Representation Transitions,Rehydration can refine statistically reconstructed presentation without pretending reconstructed microdetails were historically exact.,7.0.0,,,,,,,,,,,,,,,,,,,,,,NOT_STARTED,,
RCPW-14-R28,14,No-Unload Representation Transitions,World-age advancement and time compression are separate operations from archival/folding and use explicit authority/event semantics.,7.0.0,,,,,,,,,,,,,,,,,,,,,,NOT_STARTED,,
RCPW-14-R29,14,No-Unload Representation Transitions,Qualification includes repeated active→abstract→archival→rehydrated cycles over multi-era simulation with semantic digest comparison.,7.0.0,,,,,,,,,,,,,,,,,,,,,,NOT_STARTED,,
RCPW-15-R25,15,High-Speed Traversal Fold / Unfold,High-speed traversal into newly generated or long-archived regions triggers semantic validation/rehydration ahead of ordinary visual prewarm.,7.0.0,,,,,,,,,,,,,,,,,,,,,,NOT_STARTED,,
RCPW-15-R26,15,High-Speed Traversal Fold / Unfold,Traversal prediction accounts for frontier generation barriers and may slow/redirect presentation rather than invent unvalidated canonical world content.,7.0.0,,,,,,,,,,,,,,,,,,,,,,NOT_STARTED,,
RCPW-15-R27,15,High-Speed Traversal Fold / Unfold,"Long-distance transport remains governed by canonical route history, including routes built, destroyed, abandoned, or restored across eras.",7.0.0,,,,,,,,,,,,,,,,,,,,,,NOT_STARTED,,
RCPW-15-R28,15,High-Speed Traversal Fold / Unfold,Moving phenomena encountering an expansion or archive boundary use explicit defer/rehydrate/escalate policy.,7.0.0,,,,,,,,,,,,,,,,,,,,,,NOT_STARTED,,
RCPW-15-R29,15,High-Speed Traversal Fold / Unfold,"Qualification covers fast travel across old/new world boundaries, archived-route rehydration, infrastructure history, and reference switching during generation/rehydration.",7.0.0,,,,,,,,,,,,,,,,,,,,,,NOT_STARTED,,
RCPW-16-R25,16,Penteract World Coordinate Model,"Penteract extended-state schema may encode world-age/history relevance only through explicitly typed components or adapters, never by overloading canonical spatial coordinates.",7.0.0,,,,,,,,,,,,,,,,,,,,,,NOT_STARTED,,
RCPW-16-R26,16,Penteract World Coordinate Model,Experimental 8S/Penteract models used for long-horizon world evolution have validation against simpler reference models and publish divergence/error envelopes.,7.0.0,,,,,,,,,,,,,,,,,,,,,,NOT_STARTED,,
RCPW-16-R27,16,Penteract World Coordinate Model,Historical uncertainty and reconstruction confidence are separate from canonical authority; low confidence cannot silently downgrade known exact historical facts.,7.0.0,,,,,,,,,,,,,,,,,,,,,,NOT_STARTED,,
RCPW-16-R28,16,Penteract World Coordinate Model,Mathematical adapters are versioned by era/ontology compatibility where historical saves may outlive model revisions.,7.0.0,,,,,,,,,,,,,,,,,,,,,,NOT_STARTED,,
RCPW-16-R29,16,Penteract World Coordinate Model,"Qualification includes sensitivity of long-horizon fold/world-evolution outcomes to timestep, worker count, archive compaction, and model version.",7.0.0,,,,,,,,,,,,,,,,,,,,,,NOT_STARTED,,
RCPW-17-R25,17,QUORUM Fold Operator,Fold operator exposes stable behavior under canonical world-extent growth; adding distant regions cannot perturb existing near-field projection beyond declared policy bounds.,7.0.0,,,,,,,,,,,,,,,,,,,,,,NOT_STARTED,,
RCPW-17-R26,17,QUORUM Fold Operator,"Operator policy explicitly handles undefined frontier, generated frontier, archived world, active remote world, and local materialized world as distinct semantic classes.",7.0.0,,,,,,,,,,,,,,,,,,,,,,NOT_STARTED,,
RCPW-17-R27,17,QUORUM Fold Operator,Fold summaries at the horizon may aggregate regions but preserve deterministic canonical region membership and de-duplication.,7.0.0,,,,,,,,,,,,,,,,,,,,,,NOT_STARTED,,
RCPW-17-R28,17,QUORUM Fold Operator,Historical route/landmark changes update folded summaries transactionally at canonical event boundaries.,7.0.0,,,,,,,,,,,,,,,,,,,,,,NOT_STARTED,,
RCPW-17-R29,17,QUORUM Fold Operator,"Qualification includes incremental world growth, multiple historical eras, summary regeneration, policy upgrade/rollback, and deterministic replay.",7.0.0,,,,,,,,,,,,,,,,,,,,,,NOT_STARTED,,
RCPW-18-R25,18,Multiple Reference Points / Authority Wells,"Authority wells may be created by world-evolution processes such as migration crises, settlement founding, major ecological events, institutional conflict, or infrastructure failure even without player proximity.",7.0.0,,,,,,,,,,,,,,,,,,,,,,NOT_STARTED,,
RCPW-18-R26,18,Multiple Reference Points / Authority Wells,"Autonomous world wells have strict budgets, expiration/escalation rules, and cannot monopolize simulation indefinitely.",7.0.0,,,,,,,,,,,,,,,,,,,,,,NOT_STARTED,,
RCPW-18-R27,18,Multiple Reference Points / Authority Wells,Historical or generational events spanning many agents/regions use hierarchical wells or equivalent aggregation rather than materializing every participant.,7.0.0,,,,,,,,,,,,,,,,,,,,,,NOT_STARTED,,
RCPW-18-R28,18,Multiple Reference Points / Authority Wells,"Well state survives era transition, archive/rehydration, repartition, and worker recovery when unresolved obligations remain.",7.0.0,,,,,,,,,,,,,,,,,,,,,,NOT_STARTED,,
RCPW-18-R29,18,Multiple Reference Points / Authority Wells,"Qualification includes simultaneous autonomous world events, multi-generation succession, player-created wells, and deterministic arbitration across archival boundaries.",7.0.0,,,,,,,,,,,,,,,,,,,,,,NOT_STARTED,,
RCPW-19-R25,19,World-State Ledger,"World-state ledger supports historical eras, archival summaries, provenance confidence, lineage/succession relationships, and world-expansion events as first-class query dimensions.",7.0.0,,,,,,,,,,,,,,,,,,,,,,NOT_STARTED,,
RCPW-19-R26,19,World-State Ledger,"Historical compaction maintains a proof boundary identifying which details are exact, aggregated, reconstructed, or permanently unavailable.",7.0.0,,,,,,,,,,,,,,,,,,,,,,NOT_STARTED,,
RCPW-19-R27,19,World-State Ledger,"Queries can trace present institutions, ownership, settlements, routes, reputations, and ecological conditions back through succession and structural changes.",7.0.0,,,,,,,,,,,,,,,,,,,,,,NOT_STARTED,,
RCPW-19-R28,19,World-State Ledger,Archive rehydration emits provenance links to compacted evidence rather than generating history retrospectively without basis.,7.0.0,,,,,,,,,,,,,,,,,,,,,,NOT_STARTED,,
RCPW-19-R29,19,World-State Ledger,"Qualification includes multi-era query equivalence before/after compaction, archive migration, world expansion, and independent reconstruction.",7.0.0,,,,,,,,,,,,,,,,,,,,,,NOT_STARTED,,
RCPW-20-R27,20,Core Architecture + System Invariants,"The integrated 7.0 architecture defines an Autonomous World Continuum that can expand, age, archive, rehydrate, and evolve institutions/ecology/civilization while preserving canonical causal authority.",7.0.0,,,,,,,,,,,,,,,,,,,,,,NOT_STARTED,,
RCPW-20-R28,20,Core Architecture + System Invariants,"The world compiler includes semantic world grammar, deterministic frontier synthesis, provenance, ontology/version validation, and compatibility with existing canonical world history.",7.0.0,,,,,,,,,,,,,,,,,,,,,,NOT_STARTED,,
RCPW-20-R29,20,Core Architecture + System Invariants,"The runtime includes knowledge-locality, generational agent/institution succession, settlement/infrastructure evolution, long-horizon world simulation, archival compaction, and causal rehydration services.",7.0.0,,,,,,,,,,,,,,,,,,,,,,NOT_STARTED,,
RCPW-20-R30,20,Core Architecture + System Invariants,The final qualification compares autonomous long-horizon evolution across deterministic worker layouts and validates that world expansion does not perturb prior canonical history outside declared mutations.,7.0.0,,,,,,,,,,,,,,,,,,,,,,NOT_STARTED,,
RCPW-20-R31,20,Core Architecture + System Invariants,"The 7.0 promotion gate requires all mandatory QP/WQ gates, 80 Golden World scenarios, autonomous-world conformance, era/archive/rehydration qualification, knowledge-locality tests, multi-generation soak evidence, and an explicit blocker/risk ledger.",7.0.0,,,,,,,,,,,,,,,,,,,,,,NOT_STARTED,,
